Motifs	POS	REF	ALT	Sample	Motif_sequence	Variant	Del	Estimated_Depth_AlternateVariant	Estimated_Depth_Variant_ActiveRegion	ref_len	alt_len	Frame_Score	is_frameshift	direction	frameshift_amount	is_valid_frameshift	Depth_Score	Confidence	depth_confidence_pass	haplo_count	alt_filter_pass	motif_filter_pass	Motif_fasta	POS_fasta	Motif	Flag	__row_result	__unified
O-S	80	G	GAGCCCGG	LB26-0122wdh-ready	TGCGGGGGCGGTGGAGCCCGGGGCCGGCCTGCTCTCCGGGGCTGAGGTGACACCGTGGGCTGGGGGGGCGGTGGAGCCTGGGGCCGGCCTGGTGTCCGGGGCCGAGGTGACACCGTGGGC	Insertion	1	84	8700	1	8	2.3333333333333335	True	1	1	True	0.009655172413793104	High_Precision	True	360	True	True	O-S	80	O	Not flagged	High_Precision	Positive
L-L	67	G	GG	LB26-0091wdh-ready	TGGGGCGGCGGTGGAGCCCGGGGCCGGCCTGGTGTCCGGGGCTGAGGTGACACCGTGGGCTGGGGCGGCGGTGGAGCCCGGGGCCGGCCTGGTGTCCGGGGCTGAGGTGACACCGTGGGC	Insertion	1	65	6549	1	2	0.3333333333333333	True	1	1	True	0.00992517941670484	High_Precision	True	167	True	True	L-L	67	L	Not flagged	High_Precision	Positive
L-L	67	G	GG	LB26-0105wdh-ready	TGGGGCGGCGGTGGAGCCCGGGGCCGGCCTGGTGTCCGGGGCTGAGGTGACACCGTGGGCTGGGGCGGCGGTGGAGCCCGGGGCCGGCCTGGTGTCCGGGGCTGAGGTGACACCGTGGGC	Insertion	1	54	8652	1	2	0.3333333333333333	True	1	1	True	0.0062413314840499305	High_Precision	True	123	True	True	L-L	67	L	Not flagged	High_Precision	Positive
D-Q	67	G	GG	LB26-0103wdh-ready	TGGGGGGGCGGTGGAGCCCGGGGCCGGCCTGGTGTCCGGGGCCGAGGTGACACTGTGGGCTGGGGGGGCGGTGGAGCCCGGGGCGGGCCTGGTGTCCGGGGCCGAGGTGACACCGTGGGC	Insertion	1	100	6450	1	2	0.3333333333333333	True	1	1	True	0.015503875968992248	High_Precision*	True	235	True	True	D-Q	67	D	Not flagged	High_Precision	Positive
	None	None	None	LB26-0107wdh-ready	None	None		None	None								None	Negative							None		negative	Negative
D-J	67	G	GG	LB26-0114wdh-ready	TGCGGGCGCGGTGGAGCCCGGGGCCGGCCTGCTCTCCGGTGCCGAGGTGACACCGTGGGCTGGGGGGGCGGTGGAGCCCGGGGCGGGCCTGGTGTCCGGGGCCGAGGTGACACCGTGGGC	Insertion	1	300	17753	1	2	0.3333333333333333	True	1	1	True	0.016898552357348055	High_Precision*	True	146	True	True	D-J	67	D	Not flagged	High_Precision	Positive
4-5	38	G	GAGCCCGGGGCCGGCCTGGTGTCCGG	TEST_EXOME-NTI_NPH1149	TGGGGGGGCGGTGGAGCCCGGGGCTGGCTTGTTGTCCGGGGCTGAGGTGACATCGTGGGCTGGCGGGGTGGTGGAGCCCAGGGCTGGCCTGGTGACTGGGACCGAGGTGACATCCTGTCC	Insertion	1	16	119	1	26	8.333333333333334	True	1	1	True	0.13445378151260504	Low_Precision	True	286	True	True	4-5	38	5	Not flagged	Low_Precision	Positive
C-L	67	G	GG	LB26-0101wdh-ready	TGGGGCGGCGGTGGAGCCCGGGGCCGGCCTGGTGTCCGGGGCTGAGGTGACACCGTGGGCTTGGGGGGCGGTGGAGCCCGGGGCCGGCCTGGTGTCCGGGGCCGAGGTGACACCGTGGGC	Insertion	1	423	13020	1	2	0.3333333333333333	True	1	1	True	0.03248847926267281	High_Precision*	True	368	True	True	C-L	67	C	Not flagged	High_Precision	Positive
C-L	67	G	GG	LB26-0120wdh-ready	TGGGGCGGCGGTGGAGCCCGGGGCCGGCCTGGTGTCCGGGGCTGAGGTGACACCGTGGGCTTGGGGGGCGGTGGAGCCCGGGGCCGGCCTGGTGTCCGGGGCCGAGGTGACACCGTGGGC	Insertion	1	269	7169	1	2	0.3333333333333333	True	1	1	True	0.03752266703863858	High_Precision*	True	350	True	True	C-L	67	C	Not flagged	High_Precision	Positive
	None	None	None	TEST_EXOME-NTI_NTI1168	None	None		None	None								None	Negative							None		negative	Negative
C-L	67	G	GG	LB26-0102wdh-ready	TGGGGCGGCGGTGGAGCCCGGGGCCGGCCTGGTGTCCGGGGCTGAGGTGACACCGTGGGCTTGGGGGGCGGTGGAGCCCGGGGCCGGCCTGGTGTCCGGGGCCGAGGTGACACCGTGGGC	Insertion	1	364	12832	1	2	0.3333333333333333	True	1	1	True	0.02836658354114713	High_Precision*	True	357	True	True	C-L	67	C	Not flagged	High_Precision	Positive
L-L	67	G	GG	LB26-0097wdh-ready	TGGGGCGGCGGTGGAGCCCGGGGCCGGCCTGGTGTCCGGGGCTGAGGTGACACCGTGGGCTGGGGCGGCGGTGGAGCCCGGGGCCGGCCTGGTGTCCGGGGCTGAGGTGACACCGTGGGC	Insertion	1	43	6290	1	2	0.3333333333333333	True	1	1	True	0.006836248012718601	High_Precision	True	139	True	True	L-L	67	L	Not flagged	High_Precision	Positive
L-L	67	G	GG	LB26-0089wdh-ready	TGGGGCGGCGGTGGAGCCCGGGGCCGGCCTGGTGTCCGGGGCTGAGGTGACACCGTGGGCTGGGGCGGCGGTGGAGCCCGGGGCCGGCCTGGTGTCCGGGGCTGAGGTGACACCGTGGGC	Insertion	1	46	8091	1	2	0.3333333333333333	True	1	1	True	0.005685329378321592	High_Precision	True	123	True	True	L-L	67	L	Not flagged	High_Precision	Positive
L-6p	67	G	GG	LB26-0096wdh-ready	CGGGGCCGGGGTGGAGCCCGGGGCCGGCCTGGTGTCCGGGGCCGAGGTGACACCGTGGGCTGGGGCGGCGGTGGAGCCCGGGGCCGGCCTGGTGTCCGGGGCTGAGGTGACACCGTGGGC	Insertion	1	73	8218	1	2	0.3333333333333333	True	1	1	True	0.00888293988805062	High_Precision	True	348	True	True	L-6p	67	L	Not flagged	High_Precision	Positive
W-M	67	G	GG	LB26-0094wdh-ready	TGGGGGGGCGGTGGAGCCCGGGGCCGGCCTGGTGTCCGGTGCCGAGGTGACACCGTGGGCCGGGGGGGCGGTGGAGCCCGGGGCCGGCCTGGTGTCCGGGGCCGAGGTGACACCGTGGGC	Insertion	1	93	9283	1	2	0.3333333333333333	True	1	1	True	0.010018313045351718	High_Precision	True	136	True	True	W-M	67	W	Not flagged	High_Precision	Positive
C-L	67	G	GG	LB26-0119wdh-ready	TGGGGCGGCGGTGGAGCCCGGGGCCGGCCTGGTGTCCGGGGCTGAGGTGACACCGTGGGCTTGGGGGGCGGTGGAGCCCGGGGCCGGCCTGGTGTCCGGGGCCGAGGTGACACCGTGGGC	Insertion	1	240	9029	1	2	0.3333333333333333	True	1	1	True	0.02658101672388969	High_Precision*	True	152	True	True	C-L	67	C	Not flagged	High_Precision	Positive
C-L	67	G	GG	LB26-0095wdh-ready	TGGGGCGGCGGTGGAGCCCGGGGCCGGCCTGGTGTCCGGGGCTGAGGTGACACCGTGGGCTTGGGGGGCGGTGGAGCCCGGGGCCGGCCTGGTGTCCGGGGCCGAGGTGACACCGTGGGC	Insertion	1	252	8606	1	2	0.3333333333333333	True	1	1	True	0.029281896351382758	High_Precision*	True	370	True	True	C-L	67	C	Not flagged	High_Precision	Positive
C-L	67	G	GG	LB26-0116wdh-ready	TGGGGCGGCGGTGGAGCCCGGGGCCGGCCTGGTGTCCGGGGCTGAGGTGACACCGTGGGCTTGGGGGGCGGTGGAGCCCGGGGCCGGCCTGGTGTCCGGGGCCGAGGTGACACCGTGGGC	Insertion	1	402	12588	1	2	0.3333333333333333	True	1	1	True	0.03193517635843661	High_Precision*	True	349	True	True	C-L	67	C	Not flagged	High_Precision	Positive
D-B	67	G	GG	TEST_EXOME-NTI_NTI1129	TGGGGGGGCGGTGGAGCCCGGGGCCGGCCTGCTCTCCGGGGCCGAGGTGACACCGTGGGCTGGGGGGGCGGTGGAGCCCGGGGCGGGCCTGGTGTCCGGGGCCGAGGTGACACCGTGGGC	Insertion	1	68	2881	1	2	0.3333333333333333	True	1	1	True	0.023602915654286707	High_Precision	True	306	True	True	D-B	67	D	Not flagged	High_Precision	Positive
	None	None	None	LB26-0106wdh-ready	None	None		None	None								None	Negative							None		negative	Negative
C-L	67	G	GG	LB26-0112wdh-ready	TGGGGCGGCGGTGGAGCCCGGGGCCGGCCTGGTGTCCGGGGCTGAGGTGACACCGTGGGCTTGGGGGGCGGTGGAGCCCGGGGCCGGCCTGGTGTCCGGGGCCGAGGTGACACCGTGGGC	Insertion	1	174	8508	1	2	0.3333333333333333	True	1	1	True	0.020451339915373765	High_Precision*	True	149	True	True	C-L	67	C	Not flagged	High_Precision	Positive
C-L	67	G	GG	LB26-0092wdh-ready	TGGGGCGGCGGTGGAGCCCGGGGCCGGCCTGGTGTCCGGGGCTGAGGTGACACCGTGGGCTTGGGGGGCGGTGGAGCCCGGGGCCGGCCTGGTGTCCGGGGCCGAGGTGACACCGTGGGC	Insertion	1	209	7334	1	2	0.3333333333333333	True	1	1	True	0.02849740932642487	High_Precision*	True	344	True	True	C-L	67	C	Not flagged	High_Precision	Positive
	None	None	None	LB26-0108wdh-ready	None	None		None	None								None	Negative							None		negative	Negative
C-L	67	G	GG	LB26-0115wdh-ready	TGGGGCGGCGGTGGAGCCCGGGGCCGGCCTGGTGTCCGGGGCTGAGGTGACACCGTGGGCTTGGGGGGCGGTGGAGCCCGGGGCCGGCCTGGTGTCCGGGGCCGAGGTGACACCGTGGGC	Insertion	1	259	10228	1	2	0.3333333333333333	True	1	1	True	0.025322643723113023	High_Precision*	True	349	True	True	C-L	67	C	Not flagged	High_Precision	Positive
C-L	67	G	GG	LB26-0110wdh-ready	TGGGGCGGCGGTGGAGCCCGGGGCCGGCCTGGTGTCCGGGGCTGAGGTGACACCGTGGGCTTGGGGGGCGGTGGAGCCCGGGGCCGGCCTGGTGTCCGGGGCCGAGGTGACACCGTGGGC	Insertion	1	150	9436	1	2	0.3333333333333333	True	1	1	True	0.0158965663416702	High_Precision*	True	204	True	True	C-L	67	C	Not flagged	High_Precision	Positive
5-K	59	GCTGGG	G	TEST_EXOME-NTI_NTIH127	TGGGGGGGCGGTGGAGCCCAGGGCCGGCCTGCTCTCCGGGGCCGAGGTGACACCGTGGGCTGGGGGGGCGGTGGAGCCCGGGGCTGGCTTGTTGTCCGGGGCTGAGGTGACATCGTGGGC	Deletion	1	20	1889	6	1	-1.6666666666666667	True	-1	2	True	0.010587612493382742	Low_Precision	True	14	True	True	5-K	59	K	Not flagged	Low_Precision	Positive
L-L	67	G	GG	LB26-0098wdh-ready	TGGGGCGGCGGTGGAGCCCGGGGCCGGCCTGGTGTCCGGGGCTGAGGTGACACCGTGGGCTGGGGCGGCGGTGGAGCCCGGGGCCGGCCTGGTGTCCGGGGCTGAGGTGACACCGTGGGC	Insertion	1	59	7412	1	2	0.3333333333333333	True	1	1	True	0.007960064759848893	High_Precision	True	146	True	True	L-L	67	L	Not flagged	High_Precision	Positive
K-S	87	G	GGGAGCCCGGGGCCGGC	LB26-0113wdh-ready	TGCGGGGGCGGTGGAGCCCGGGGCCGGCCTGCTCTCCGGGGCTGAGGTGACACCGTGGGCTGGGGGGGCGGTGGAGCCCAGGGCCGGCCTGCTCTCCGGGGCCGAGGTGACACCGTGGGC	Insertion	1	264	12646	1	17	5.333333333333333	True	1	1	True	0.02087616637671991	High_Precision*	True	366	True	True	K-S	87	K	Not flagged	High_Precision	Positive
C-L	67	G	GG	LB26-0100wdh-ready	TGGGGCGGCGGTGGAGCCCGGGGCCGGCCTGGTGTCCGGGGCTGAGGTGACACCGTGGGCTTGGGGGGCGGTGGAGCCCGGGGCCGGCCTGGTGTCCGGGGCCGAGGTGACACCGTGGGC	Insertion	1	199	14229	1	2	0.3333333333333333	True	1	1	True	0.013985522524421956	High_Precision*	True	371	True	True	C-L	67	C	Not flagged	High_Precision	Positive
D-J	67	G	GG	LB26-0093wdh-ready	TGCGGGCGCGGTGGAGCCCGGGGCCGGCCTGCTCTCCGGTGCCGAGGTGACACCGTGGGCTGGGGGGGCGGTGGAGCCCGGGGCGGGCCTGGTGTCCGGGGCCGAGGTGACACCGTGGGC	Insertion	1	215	7167	1	2	0.3333333333333333	True	1	1	True	0.029998604716059717	High_Precision*	True	316	True	True	D-J	67	D	Not flagged	High_Precision	Positive
	None	None	None	LB26-0109wdh-ready	None	None		None	None								None	Negative							None		negative	Negative
	None	None	None	LB26-0121wdh-ready	None	None		None	None								None	Negative							None		negative	Negative
5-K	60	C	CT	TEST_EXOME-NTI_6120GM004559	TGGGGGGGCGGTGGAGCCCAGGGCCGGCCTGCTCTCCGGGGCCGAGGTGACACCGTGGGCTGGGGGGGCGGTGGAGCCCGGGGCTGGCTTGTTGTCCGGGGCTGAGGTGACATCGTGGGC	Insertion	1	27	1283	1	2	0.3333333333333333	True	1	1	True	0.021044427123928292	High_Precision	True	51	True	True	5-K	60	5	Not flagged	High_Precision	Positive
C-L	67	G	GG	LB26-0104wdh-ready	TGGGGCGGCGGTGGAGCCCGGGGCCGGCCTGGTGTCCGGGGCTGAGGTGACACCGTGGGCTTGGGGGGCGGTGGAGCCCGGGGCCGGCCTGGTGTCCGGGGCCGAGGTGACACCGTGGGC	Insertion	1	303	13842	1	2	0.3333333333333333	True	1	1	True	0.021889900303424362	High_Precision*	True	146	True	True	C-L	67	C	Not flagged	High_Precision	Positive
D-6	67	G	GG	TEST_EXOME-NTI_NTI1193	CGGGGCCGGGGTGGAGCCCGGGGCCCGCCTGGTGTCCGGGGCCGAGGTGACACCGTGGGCTGGGGGGGCGGTGGAGCCCGGGGCGGGCCTGGTGTCCGGGGCCGAGGTGACACCGTGGGC	Insertion	1	58	3344	1	2	0.3333333333333333	True	1	1	True	0.017344497607655503	High_Precision	True	286	True	True	D-6	67	D	Not flagged	High_Precision	Positive
D-B	67	G	GG	LB26-0090wdh-ready	TGGGGGGGCGGTGGAGCCCGGGGCCGGCCTGCTCTCCGGGGCCGAGGTGACACCGTGGGCTGGGGGGGCGGTGGAGCCCGGGGCGGGCCTGGTGTCCGGGGCCGAGGTGACACCGTGGGC	Insertion	1	224	7420	1	2	0.3333333333333333	True	1	1	True	0.03018867924528302	High_Precision*	True	223	True	True	D-B	67	D	Not flagged	High_Precision	Positive
	None	None	None	LB26-0118wdh-ready	None	None		None	None								None	Negative							None		negative	Negative
W-M	67	G	GG	LB26-0099wdh-ready	TGGGGGGGCGGTGGAGCCCGGGGCCGGCCTGGTGTCCGGTGCCGAGGTGACACCGTGGGCCGGGGGGGCGGTGGAGCCCGGGGCCGGCCTGGTGTCCGGGGCCGAGGTGACACCGTGGGC	Insertion	1	188	10668	1	2	0.3333333333333333	True	1	1	True	0.017622797150356206	High_Precision*	True	372	True	True	W-M	67	W	Not flagged	High_Precision	Positive
D-J	61	T	TT	LB26-0117wdh-ready	TGCGGGCGCGGTGGAGCCCGGGGCCGGCCTGCTCTCCGGTGCCGAGGTGACACCGTGGGCTGGGGGGGCGGTGGAGCCCGGGGCGGGCCTGGTGTCCGGGGCCGAGGTGACACCGTGGGC	Insertion	1	236	7459	1	2	0.3333333333333333	True	1	1	True	0.03163962997720874	High_Precision*	True	146	True	True	D-J	61	D	Not flagged	High_Precision	Positive
D-J	67	G	GG	LB26-0111wdh-ready	TGCGGGCGCGGTGGAGCCCGGGGCCGGCCTGCTCTCCGGTGCCGAGGTGACACCGTGGGCTGGGGGGGCGGTGGAGCCCGGGGCGGGCCTGGTGTCCGGGGCCGAGGTGACACCGTGGGC	Insertion	1	210	10690	1	2	0.3333333333333333	True	1	1	True	0.019644527595884004	High_Precision*	True	135	True	True	D-J	67	D	Not flagged	High_Precision	Positive
