Sample_Folder,Status,Fraction,Motifs,POS,REF,ALT,Sample,Motif_sequence,Estimated_Depth_AlternateVariant,Estimated_Depth_Variant_ActiveRegion,Depth_Score,Confidence,mean,median,stdev,min,max,region_length,uncovered_bases,percent_uncovered
LB26-0089wdh-ready_downsampled_10pct,NEG,10,None,None,None,None,None,None,None,None,None,None,30.39,15.00,39.87,1,161,4501,834,18.53
LB26-0089wdh-ready_downsampled_20pct,NEG,20,None,None,None,None,None,None,None,None,None,None,58.27,29.00,74.95,1,308,4501,651,14.46
LB26-0089wdh-ready_downsampled_30pct,POS,30,L-L,67,G,GG,1:15:2569,TGGGGCGGCGGTGGAGCCCGGGGCCGGCCTGGTGTCCGGGGCTGAGGTGACACCGTGGGCTGGGGCGGCGGTGGAGCCCGGGGCCGGCCTGGTGTCCGGGGCTGAGGTGACACCGTGGGC,15,2569,0.0058388478007006615,Low_Precision,88.18,41.00,121.22,1,512,4501,532,11.82
LB26-0089wdh-ready_downsampled_40pct,POS,40,E-M,67,C,CG,1:59:7323,TGGGGGGGCGGTGGAGCCCGGGGCCGGCCTGGTGTCCGGTGCCGAGGTGACACCGTGGGCTGCGGGCGCGGTGGAGCCCGGGGCGGGCCTGGTGTCCGGGGCCGAGGTGACACCGTGGGC,59,7323,0.008056807319404615,High_Precision,115.15,54.00,161.92,1,691,4501,434,9.64
LB26-0089wdh-ready_downsampled_50pct,POS,50,E-M,67,C,CG,1:68:8836,TGGGGGGGCGGTGGAGCCCGGGGCCGGCCTGGTGTCCGGTGCCGAGGTGACACCGTGGGCTGCGGGCGCGGTGGAGCCCGGGGCGGGCCTGGTGTCCGGGGCCGAGGTGACACCGTGGGC,68,8836,0.007695789950203712,High_Precision,141.05,71.00,198.27,1,829,4501,405,9.00
LB26-0089wdh-ready_downsampled_60pct,POS,60,L-L,67,G,GG,1:28:4967,TGGGGCGGCGGTGGAGCCCGGGGCCGGCCTGGTGTCCGGGGCTGAGGTGACACCGTGGGCTGGGGCGGCGGTGGAGCCCGGGGCCGGCCTGGTGTCCGGGGCTGAGGTGACACCGTGGGC,28,4967,0.005637205556674049,High_Precision,164.85,83.00,230.17,0,999,4501,385,8.55
LB26-0089wdh-ready_downsampled_70pct,POS,70,L-L,67,G,GG,1:31:5753,TGGGGCGGCGGTGGAGCCCGGGGCCGGCCTGGTGTCCGGGGCTGAGGTGACACCGTGGGCTGGGGCGGCGGTGGAGCCCGGGGCCGGCCTGGTGTCCGGGGCTGAGGTGACACCGTGGGC,31,5753,0.005388492960194681,High_Precision,192.15,98.00,265.95,0,1174,4501,382,8.49
LB26-0089wdh-ready_downsampled_80pct,POS,80,L-L,67,G,GG,1:35:6519,TGGGGCGGCGGTGGAGCCCGGGGCCGGCCTGGTGTCCGGGGCTGAGGTGACACCGTGGGCTGGGGCGGCGGTGGAGCCCGGGGCCGGCCTGGTGTCCGGGGCTGAGGTGACACCGTGGGC,35,6519,0.005368921613744439,High_Precision,217.41,110.00,300.78,0,1309,4501,382,8.49
LB26-0089wdh-ready_downsampled_90pct,POS,90,L-L,67,G,GG,1:43:7300,TGGGGCGGCGGTGGAGCCCGGGGCCGGCCTGGTGTCCGGGGCTGAGGTGACACCGTGGGCTGGGGCGGCGGTGGAGCCCGGGGCCGGCCTGGTGTCCGGGGCTGAGGTGACACCGTGGGC,43,7300,0.005890410958904109,High_Precision,243.99,122.00,338.31,0,1492,4501,381,8.46
LB26-0090wdh-ready_downsampled_10pct,NEG,10,None,None,None,None,None,None,None,None,None,None,20.88,18.00,15.39,1,75,4501,672,14.93
LB26-0090wdh-ready_downsampled_20pct,POS,20,D-C,67,G,GG,1:26:1322,TTGGGGGGCGGTGGAGCCCGGGGCCGGCCTGGTGTCCGGGGCCGAGGTGACACCGTGGGCTGGGGGGGCGGTGGAGCCCGGGGCGGGCCTGGTGTCCGGGGCCGAGGTGACACCGTGGGC,26,1322,0.019667170953101363,High_Precision,41.16,33.00,35.74,1,174,4501,504,11.20
LB26-0090wdh-ready_downsampled_30pct,POS,30,C-L,67,G,GG,1:73:2858,TGGGGCGGCGGTGGAGCCCGGGGCCGGCCTGGTGTCCGGGGCTGAGGTGACACCGTGGGCTTGGGGGGCGGTGGAGCCCGGGGCCGGCCTGGTGTCCGGGGCCGAGGTGACACCGTGGGC,73,2858,0.025542337298810357,High_Precision,62.47,48.00,58.02,1,260,4501,453,10.06
LB26-0090wdh-ready_downsampled_40pct,POS,40,C-L,67,G,GG,1:110:3880,TGGGGCGGCGGTGGAGCCCGGGGCCGGCCTGGTGTCCGGGGCTGAGGTGACACCGTGGGCTTGGGGGGCGGTGGAGCCCGGGGCCGGCCTGGTGTCCGGGGCCGAGGTGACACCGTGGGC,110,3880,0.028350515463917526,High_Precision*,84.22,66.00,76.99,1,350,4501,449,9.98
LB26-0090wdh-ready_downsampled_50pct,POS,50,C-L,67,G,GG,1:128:4860,TGGGGCGGCGGTGGAGCCCGGGGCCGGCCTGGTGTCCGGGGCTGAGGTGACACCGTGGGCTTGGGGGGCGGTGGAGCCCGGGGCCGGCCTGGTGTCCGGGGCCGAGGTGACACCGTGGGC,128,4860,0.02633744855967078,High_Precision*,104.63,83.00,96.92,1,438,4501,438,9.73
LB26-0090wdh-ready_downsampled_60pct,POS,60,C-L,67,G,GG,1:144:5883,TGGGGCGGCGGTGGAGCCCGGGGCCGGCCTGGTGTCCGGGGCTGAGGTGACACCGTGGGCTTGGGGGGCGGTGGAGCCCGGGGCCGGCCTGGTGTCCGGGGCCGAGGTGACACCGTGGGC,144,5883,0.02447730749617542,High_Precision*,125.27,97.00,117.63,1,545,4501,428,9.51
LB26-0090wdh-ready_downsampled_70pct,POS,70,C-L,67,G,GG,1:201:6954,TGGGGCGGCGGTGGAGCCCGGGGCCGGCCTGGTGTCCGGGGCTGAGGTGACACCGTGGGCTTGGGGGGCGGTGGAGCCCGGGGCCGGCCTGGTGTCCGGGGCCGAGGTGACACCGTGGGC,201,6954,0.028904227782571183,High_Precision*,146.99,114.00,137.12,1,641,4501,416,9.24
LB26-0090wdh-ready_downsampled_80pct,POS,80,C-L,67,G,GG,1:232:8014,TGGGGCGGCGGTGGAGCCCGGGGCCGGCCTGGTGTCCGGGGCTGAGGTGACACCGTGGGCTTGGGGGGCGGTGGAGCCCGGGGCCGGCCTGGTGTCCGGGGCCGAGGTGACACCGTGGGC,232,8014,0.028949338657349638,High_Precision*,168.37,132.00,156.54,1,748,4501,416,9.24
LB26-0090wdh-ready_downsampled_90pct,POS,90,D-B,67,G,GG,1:201:6673,TGGGGGGGCGGTGGAGCCCGGGGCCGGCCTGCTCTCCGGGGCCGAGGTGACACCGTGGGCTGGGGGGGCGGTGGAGCCCGGGGCGGGCCTGGTGTCCGGGGCCGAGGTGACACCGTGGGC,201,6673,0.03012138468454968,High_Precision*,188.90,148.00,176.48,0,823,4501,391,8.69
LB26-0091wdh-ready_downsampled_10pct,NEG,10,None,None,None,None,None,None,None,None,None,None,23.88,9.00,33.67,1,145,4501,679,15.09
LB26-0091wdh-ready_downsampled_20pct,NEG,20,None,None,None,None,None,None,None,None,None,None,46.92,22.00,64.65,1,289,4501,549,12.20
LB26-0091wdh-ready_downsampled_30pct,POS,30,E-M,67,C,CG,1:41:4193,TGGGGGGGCGGTGGAGCCCGGGGCCGGCCTGGTGTCCGGTGCCGAGGTGACACCGTGGGCTGCGGGCGCGGTGGAGCCCGGGGCGGGCCTGGTGTCCGGGGCCGAGGTGACACCGTGGGC,41,4193,0.009778201764846173,High_Precision,70.63,34.00,98.20,1,459,4501,520,11.55
LB26-0091wdh-ready_downsampled_40pct,POS,40,E-M,67,C,CG,1:55:5664,TGGGGGGGCGGTGGAGCCCGGGGCCGGCCTGGTGTCCGGTGCCGAGGTGACACCGTGGGCTGCGGGCGCGGTGGAGCCCGGGGCGGGCCTGGTGTCCGGGGCCGAGGTGACACCGTGGGC,55,5664,0.00971045197740113,High_Precision,93.25,45.00,131.23,1,619,4501,473,10.51
LB26-0091wdh-ready_downsampled_50pct,POS,50,E-M,67,C,CG,1:66:7210,TGGGGGGGCGGTGGAGCCCGGGGCCGGCCTGGTGTCCGGTGCCGAGGTGACACCGTGGGCTGCGGGCGCGGTGGAGCCCGGGGCGGGCCTGGTGTCCGGGGCCGAGGTGACACCGTGGGC,66,7210,0.009153952843273232,High_Precision,115.67,56.00,162.23,1,745,4501,460,10.22
LB26-0091wdh-ready_downsampled_60pct,POS,60,E-M,67,C,CG,1:83:8628,TGGGGGGGCGGTGGAGCCCGGGGCCGGCCTGGTGTCCGGTGCCGAGGTGACACCGTGGGCTGCGGGCGCGGTGGAGCCCGGGGCGGGCCTGGTGTCCGGGGCCGAGGTGACACCGTGGGC,83,8628,0.00961984237366713,High_Precision,137.97,65.00,193.82,1,896,4501,397,8.82
LB26-0091wdh-ready_downsampled_70pct,POS,70,E-M,67,C,CG,1:101:10028,TGGGGGGGCGGTGGAGCCCGGGGCCGGCCTGGTGTCCGGTGCCGAGGTGACACCGTGGGCTGCGGGCGCGGTGGAGCCCGGGGCGGGCCTGGTGTCCGGGGCCGAGGTGACACCGTGGGC,101,10028,0.01007179896290387,High_Precision*,160.03,74.00,226.78,1,1067,4501,334,7.42
LB26-0091wdh-ready_downsampled_80pct,POS,80,E-M,67,C,CG,1:121:11385,TGGGGGGGCGGTGGAGCCCGGGGCCGGCCTGGTGTCCGGTGCCGAGGTGACACCGTGGGCTGCGGGCGCGGTGGAGCCCGGGGCGGGCCTGGTGTCCGGGGCCGAGGTGACACCGTGGGC,121,11385,0.010628019323671498,High_Precision*,182.24,87.00,257.67,1,1198,4501,334,7.42
LB26-0091wdh-ready_downsampled_90pct,POS,90,W-M,67,G,GG,1:105:8753,TGGGGGGGCGGTGGAGCCCGGGGCCGGCCTGGTGTCCGGTGCCGAGGTGACACCGTGGGCCGGGGGGGCGGTGGAGCCCGGGGCCGGCCTGGTGTCCGGGGCCGAGGTGACACCGTGGGC,105,8753,0.011995887124414486,High_Precision*,203.77,99.00,289.72,1,1337,4501,311,6.91
LB26-0092wdh-ready_downsampled_10pct,NEG,10,None,None,None,None,None,None,None,None,None,None,17.97,15.00,16.29,1,75,4501,659,14.64
LB26-0092wdh-ready_downsampled_20pct,POS,20,D-C,67,G,GG,1:32:1192,TTGGGGGGCGGTGGAGCCCGGGGCCGGCCTGGTGTCCGGGGCCGAGGTGACACCGTGGGCTGGGGGGGCGGTGGAGCCCGGGGCGGGCCTGGTGTCCGGGGCCGAGGTGACACCGTGGGC,32,1192,0.026845637583892617,High_Precision,34.11,26.00,32.23,1,154,4501,533,11.84
LB26-0092wdh-ready_downsampled_30pct,POS,30,C-L,67,G,GG,1:81:2326,TGGGGCGGCGGTGGAGCCCGGGGCCGGCCTGGTGTCCGGGGCTGAGGTGACACCGTGGGCTTGGGGGGCGGTGGAGCCCGGGGCCGGCCTGGTGTCCGGGGCCGAGGTGACACCGTGGGC,81,2326,0.034823731728288905,High_Precision,49.48,41.00,45.16,1,210,4501,453,10.06
LB26-0092wdh-ready_downsampled_40pct,POS,40,C-L,67,G,GG,1:96:3042,TGGGGCGGCGGTGGAGCCCGGGGCCGGCCTGGTGTCCGGGGCTGAGGTGACACCGTGGGCTTGGGGGGCGGTGGAGCCCGGGGCCGGCCTGGTGTCCGGGGCCGAGGTGACACCGTGGGC,96,3042,0.03155818540433925,High_Precision,64.93,54.00,61.16,1,290,4501,411,9.13
LB26-0092wdh-ready_downsampled_50pct,POS,50,C-L,67,G,GG,1:116:3792,TGGGGCGGCGGTGGAGCCCGGGGCCGGCCTGGTGTCCGGGGCTGAGGTGACACCGTGGGCTTGGGGGGCGGTGGAGCCCGGGGCCGGCCTGGTGTCCGGGGCCGAGGTGACACCGTGGGC,116,3792,0.03059071729957806,High_Precision*,79.77,67.00,74.49,1,352,4501,328,7.29
LB26-0092wdh-ready_downsampled_60pct,POS,60,C-L,67,G,GG,1:136:4520,TGGGGCGGCGGTGGAGCCCGGGGCCGGCCTGGTGTCCGGGGCTGAGGTGACACCGTGGGCTTGGGGGGCGGTGGAGCCCGGGGCCGGCCTGGTGTCCGGGGCCGAGGTGACACCGTGGGC,136,4520,0.03008849557522124,High_Precision*,95.60,80.00,87.49,1,409,4501,328,7.29
LB26-0092wdh-ready_downsampled_70pct,POS,70,C-L,67,G,GG,1:157:5201,TGGGGCGGCGGTGGAGCCCGGGGCCGGCCTGGTGTCCGGGGCTGAGGTGACACCGTGGGCTTGGGGGGCGGTGGAGCCCGGGGCCGGCCTGGTGTCCGGGGCCGAGGTGACACCGTGGGC,157,5201,0.030186502595654682,High_Precision*,110.10,92.00,101.17,1,481,4501,315,7.00
LB26-0092wdh-ready_downsampled_80pct,POS,80,C-L,67,G,GG,1:172:5962,TGGGGCGGCGGTGGAGCCCGGGGCCGGCCTGGTGTCCGGGGCTGAGGTGACACCGTGGGCTTGGGGGGCGGTGGAGCCCGGGGCCGGCCTGGTGTCCGGGGCCGAGGTGACACCGTGGGC,172,5962,0.02884937940288494,High_Precision*,125.98,106.00,116.00,1,560,4501,315,7.00
LB26-0092wdh-ready_downsampled_90pct,POS,90,C-L,67,G,GG,1:189:6660,TGGGGCGGCGGTGGAGCCCGGGGCCGGCCTGGTGTCCGGGGCTGAGGTGACACCGTGGGCTTGGGGGGCGGTGGAGCCCGGGGCCGGCCTGGTGTCCGGGGCCGAGGTGACACCGTGGGC,189,6660,0.02837837837837838,High_Precision*,140.64,118.00,128.92,1,613,4501,302,6.71
LB26-0093wdh-ready_downsampled_10pct,NEG,10,None,None,None,None,None,None,None,None,None,None,15.58,13.00,12.46,1,60,4501,882,19.60
LB26-0093wdh-ready_downsampled_20pct,POS,20,E-C,67,C,CG,1:20:939,TTGGGGGGCGGTGGAGCCCGGGGCCGGCCTGGTGTCCGGGGCCGAGGTGACACCGTGGGCTGCGGGCGCGGTGGAGCCCGGGGCGGGCCTGGTGTCCGGGGCCGAGGTGACACCGTGGGC,20,939,0.021299254526091587,Low_Precision,30.78,26.00,25.90,1,125,4501,676,15.02
LB26-0093wdh-ready_downsampled_30pct,POS,30,D-C,67,G,GG,1:33:1428,TTGGGGGGCGGTGGAGCCCGGGGCCGGCCTGGTGTCCGGGGCCGAGGTGACACCGTGGGCTGGGGGGGCGGTGGAGCCCGGGGCGGGCCTGGTGTCCGGGGCCGAGGTGACACCGTGGGC,33,1428,0.023109243697478993,High_Precision,44.71,40.00,38.93,0,180,4501,545,12.11
LB26-0093wdh-ready_downsampled_40pct,POS,40,D-J,67,G,GG,1:78:2640,TGCGGGCGCGGTGGAGCCCGGGGCCGGCCTGCTCTCCGGTGCCGAGGTGACACCGTGGGCTGGGGGGGCGGTGGAGCCCGGGGCGGGCCTGGTGTCCGGGGCCGAGGTGACACCGTGGGC,78,2640,0.029545454545454545,High_Precision,61.10,54.00,52.26,1,234,4501,542,12.04
LB26-0093wdh-ready_downsampled_50pct,POS,50,E-Q,67,C,CG,1:91:2832,TGGGGGGGCGGTGGAGCCCGGGGCCGGCCTGGTGTCCGGGGCCGAGGTGACACTGTGGGCTGCGGGCGCGGTGGAGCCCGGGGCGGGCCTGGTGTCCGGGGCCGAGGTGACACCGTGGGC,91,2832,0.03213276836158192,High_Precision,78.13,64.00,68.09,1,302,4501,534,11.86
LB26-0093wdh-ready_downsampled_60pct,POS,60,E-Q,67,C,CG,1:111:3464,TGGGGGGGCGGTGGAGCCCGGGGCCGGCCTGGTGTCCGGGGCCGAGGTGACACTGTGGGCTGCGGGCGCGGTGGAGCCCGGGGCGGGCCTGGTGTCCGGGGCCGAGGTGACACCGTGGGC,111,3464,0.032043879907621246,High_Precision*,93.68,77.00,83.35,1,373,4501,468,10.40
LB26-0093wdh-ready_downsampled_70pct,POS,70,E-Q,67,C,CG,1:139:4056,TGGGGGGGCGGTGGAGCCCGGGGCCGGCCTGGTGTCCGGGGCCGAGGTGACACTGTGGGCTGCGGGCGCGGTGGAGCCCGGGGCGGGCCTGGTGTCCGGGGCCGAGGTGACACCGTGGGC,139,4056,0.034270216962524656,High_Precision*,109.24,88.00,97.97,1,439,4501,463,10.29
LB26-0093wdh-ready_downsampled_80pct,POS,80,D-B,67,G,GG,1:126:4211,TGGGGGGGCGGTGGAGCCCGGGGCCGGCCTGCTCTCCGGGGCCGAGGTGACACCGTGGGCTGGGGGGGCGGTGGAGCCCGGGGCGGGCCTGGTGTCCGGGGCCGAGGTGACACCGTGGGC,126,4211,0.029921633816195677,High_Precision*,126.86,103.00,112.19,1,504,4501,450,10.00
LB26-0093wdh-ready_downsampled_90pct,POS,90,D-J,67,G,GG,1:189:6401,TGCGGGCGCGGTGGAGCCCGGGGCCGGCCTGCTCTCCGGTGCCGAGGTGACACCGTGGGCTGGGGGGGCGGTGGAGCCCGGGGCGGGCCTGGTGTCCGGGGCCGAGGTGACACCGTGGGC,189,6401,0.029526636463052647,High_Precision*,143.47,116.00,126.47,1,562,4501,437,9.71
LB26-0094wdh-ready_downsampled_10pct,NEG,10,None,None,None,None,None,None,None,None,None,None,24.78,14.00,31.05,1,150,4501,654,14.53
LB26-0094wdh-ready_downsampled_20pct,NEG,20,None,None,None,None,None,None,None,None,None,None,47.79,28.00,57.36,1,251,4501,522,11.60
LB26-0094wdh-ready_downsampled_30pct,NEG,30,None,None,None,None,None,None,None,None,None,None,70.47,43.00,85.18,1,378,4501,465,10.33
LB26-0094wdh-ready_downsampled_40pct,POS,40,W-M,67,G,GG,1:28:3691,TGGGGGGGCGGTGGAGCCCGGGGCCGGCCTGGTGTCCGGTGCCGAGGTGACACCGTGGGCCGGGGGGGCGGTGGAGCCCGGGGCCGGCCTGGTGTCCGGGGCCGAGGTGACACCGTGGGC,28,3691,0.007586020048767272,High_Precision,92.38,57.00,112.45,1,503,4501,417,9.26
LB26-0094wdh-ready_downsampled_50pct,POS,50,E-M,67,C,CG,1:58:6977,TGGGGGGGCGGTGGAGCCCGGGGCCGGCCTGGTGTCCGGTGCCGAGGTGACACCGTGGGCTGCGGGCGCGGTGGAGCCCGGGGCGGGCCTGGTGTCCGGGGCCGAGGTGACACCGTGGGC,58,6977,0.008313028522287515,High_Precision,114.53,70.00,138.49,1,633,4501,413,9.18
LB26-0094wdh-ready_downsampled_60pct,POS,60,E-M,67,C,CG,1:72:8504,TGGGGGGGCGGTGGAGCCCGGGGCCGGCCTGGTGTCCGGTGCCGAGGTGACACCGTGGGCTGCGGGCGCGGTGGAGCCCGGGGCGGGCCTGGTGTCCGGGGCCGAGGTGACACCGTGGGC,72,8504,0.008466603951081843,High_Precision,135.45,80.00,168.93,1,780,4501,343,7.62
LB26-0094wdh-ready_downsampled_70pct,POS,70,L-L,67,G,GG,1:29:4153,TGGGGCGGCGGTGGAGCCCGGGGCCGGCCTGGTGTCCGGGGCTGAGGTGACACCGTGGGCTGGGGCGGCGGTGGAGCCCGGGGCCGGCCTGGTGTCCGGGGCTGAGGTGACACCGTGGGC,29,4153,0.006982903924873585,High_Precision,157.54,93.00,194.46,0,884,4501,338,7.51
LB26-0094wdh-ready_downsampled_80pct,POS,80,L-L,67,G,GG,1:32:4783,TGGGGCGGCGGTGGAGCCCGGGGCCGGCCTGGTGTCCGGGGCTGAGGTGACACCGTGGGCTGGGGCGGCGGTGGAGCCCGGGGCCGGCCTGGTGTCCGGGGCTGAGGTGACACCGTGGGC,32,4783,0.00669036169767928,High_Precision,180.39,106.00,221.63,0,1018,4501,327,7.27
LB26-0094wdh-ready_downsampled_90pct,POS,90,W-M,67,G,GG,1:70:8356,TGGGGGGGCGGTGGAGCCCGGGGCCGGCCTGGTGTCCGGTGCCGAGGTGACACCGTGGGCCGGGGGGGCGGTGGAGCCCGGGGCCGGCCTGGTGTCCGGGGCCGAGGTGACACCGTGGGC,70,8356,0.008377213977979895,High_Precision,202.06,120.00,246.95,0,1125,4501,314,6.98
LB26-0095wdh-ready_downsampled_10pct,NEG,10,None,None,None,None,None,None,None,None,None,None,16.44,10.00,19.62,0,86,4501,830,18.44
LB26-0095wdh-ready_downsampled_20pct,POS,20,E-S,67,C,CG,1:15:1823,TGCGGGGGCGGTGGAGCCCGGGGCCGGCCTGCTCTCCGGGGCTGAGGTGACACCGTGGGCTGCGGGCGCGGTGGAGCCCGGGGCGGGCCTGGTGTCCGGGGCCGAGGTGACACCGTGGGC,15,1823,0.008228195282501372,Low_Precision,33.41,19.00,40.74,1,180,4501,708,15.73
LB26-0095wdh-ready_downsampled_30pct,POS,30,C-L,67,G,GG,1:74:2432,TGGGGCGGCGGTGGAGCCCGGGGCCGGCCTGGTGTCCGGGGCTGAGGTGACACCGTGGGCTTGGGGGGCGGTGGAGCCCGGGGCCGGCCTGGTGTCCGGGGCCGAGGTGACACCGTGGGC,74,2432,0.03042763157894737,High_Precision,49.03,30.00,57.25,0,257,4501,574,12.75
LB26-0095wdh-ready_downsampled_40pct,POS,40,D-J,67,G,GG,1:89:3369,TGCGGGCGCGGTGGAGCCCGGGGCCGGCCTGCTCTCCGGTGCCGAGGTGACACCGTGGGCTGGGGGGGCGGTGGAGCCCGGGGCGGGCCTGGTGTCCGGGGCCGAGGTGACACCGTGGGC,89,3369,0.026417334520629266,High_Precision,64.69,40.00,75.79,0,340,4501,536,11.91
LB26-0095wdh-ready_downsampled_50pct,POS,50,C-L,67,G,GG,1:115:4113,TGGGGCGGCGGTGGAGCCCGGGGCCGGCCTGGTGTCCGGGGCTGAGGTGACACCGTGGGCTTGGGGGGCGGTGGAGCCCGGGGCCGGCCTGGTGTCCGGGGCCGAGGTGACACCGTGGGC,115,4113,0.027960126428397764,High_Precision*,80.79,50.00,93.92,0,416,4501,530,11.78
LB26-0095wdh-ready_downsampled_60pct,POS,60,C-L,67,G,GG,1:149:4956,TGGGGCGGCGGTGGAGCCCGGGGCCGGCCTGGTGTCCGGGGCTGAGGTGACACCGTGGGCTTGGGGGGCGGTGGAGCCCGGGGCCGGCCTGGTGTCCGGGGCCGAGGTGACACCGTGGGC,149,4956,0.030064568200161422,High_Precision*,97.09,58.00,114.01,0,506,4501,463,10.29
LB26-0095wdh-ready_downsampled_70pct,POS,70,C-L,67,G,GG,1:182:5818,TGGGGCGGCGGTGGAGCCCGGGGCCGGCCTGGTGTCCGGGGCTGAGGTGACACCGTGGGCTTGGGGGGCGGTGGAGCCCGGGGCCGGCCTGGTGTCCGGGGCCGAGGTGACACCGTGGGC,182,5818,0.03128222756961155,High_Precision*,112.97,69.00,135.26,0,579,4501,427,9.49
LB26-0095wdh-ready_downsampled_80pct,POS,80,C-L,67,G,GG,1:201:6660,TGGGGCGGCGGTGGAGCCCGGGGCCGGCCTGGTGTCCGGGGCTGAGGTGACACCGTGGGCTTGGGGGGCGGTGGAGCCCGGGGCCGGCCTGGTGTCCGGGGCCGAGGTGACACCGTGGGC,201,6660,0.03018018018018018,High_Precision*,127.62,76.00,154.41,0,662,4501,403,8.95
LB26-0095wdh-ready_downsampled_90pct,POS,90,C-L,67,G,GG,1:222:7528,TGGGGCGGCGGTGGAGCCCGGGGCCGGCCTGGTGTCCGGGGCTGAGGTGACACCGTGGGCTTGGGGGGCGGTGGAGCCCGGGGCCGGCCTGGTGTCCGGGGCCGAGGTGACACCGTGGGC,222,7528,0.02948990435706695,High_Precision*,143.77,83.00,175.98,0,742,4501,397,8.82
LB26-0096wdh-ready_downsampled_10pct,NEG,10,None,None,None,None,None,None,None,None,None,None,32.19,15.00,42.94,1,211,4501,676,15.02
LB26-0096wdh-ready_downsampled_20pct,POS,20,E-M,67,C,CG,1:28:3557,TGGGGGGGCGGTGGAGCCCGGGGCCGGCCTGGTGTCCGGTGCCGAGGTGACACCGTGGGCTGCGGGCGCGGTGGAGCCCGGGGCGGGCCTGGTGTCCGGGGCCGAGGTGACACCGTGGGC,28,3557,0.007871802080404836,High_Precision,60.29,27.00,82.61,1,403,4501,491,10.91
LB26-0096wdh-ready_downsampled_30pct,POS,30,E-M,67,C,CG,1:49:4549,TGGGGGGGCGGTGGAGCCCGGGGCCGGCCTGGTGTCCGGTGCCGAGGTGACACCGTGGGCTGCGGGCGCGGTGGAGCCCGGGGCGGGCCTGGTGTCCGGGGCCGAGGTGACACCGTGGGC,49,4549,0.010771598153440316,High_Precision,89.44,45.00,120.78,1,574,4501,387,8.60
LB26-0096wdh-ready_downsampled_40pct,POS,40,E-M,67,C,CG,1:65:7272,TGGGGGGGCGGTGGAGCCCGGGGCCGGCCTGGTGTCCGGTGCCGAGGTGACACCGTGGGCTGCGGGCGCGGTGGAGCCCGGGGCGGGCCTGGTGTCCGGGGCCGAGGTGACACCGTGGGC,65,7272,0.008938393839383938,High_Precision,119.86,61.00,161.15,1,752,4501,341,7.58
LB26-0096wdh-ready_downsampled_50pct,POS,50,E-M,67,C,CG,1:123:9130,TGGGGGGGCGGTGGAGCCCGGGGCCGGCCTGGTGTCCGGTGCCGAGGTGACACCGTGGGCTGCGGGCGCGGTGGAGCCCGGGGCGGGCCTGGTGTCCGGGGCCGAGGTGACACCGTGGGC,123,9130,0.013472070098576122,High_Precision*,147.53,77.50,197.45,1,920,4501,341,7.58
LB26-0096wdh-ready_downsampled_60pct,POS,60,E-M,67,C,CG,1:100:9412,TGGGGGGGCGGTGGAGCCCGGGGCCGGCCTGGTGTCCGGTGCCGAGGTGACACCGTGGGCTGCGGGCGCGGTGGAGCCCGGGGCGGGCCTGGTGTCCGGGGCCGAGGTGACACCGTGGGC,100,9412,0.010624734381640459,High_Precision*,177.25,91.00,243.50,1,1114,4501,327,7.27
LB26-0096wdh-ready_downsampled_70pct,POS,70,E-M,67,C,CG,1:171:10901,TGGGGGGGCGGTGGAGCCCGGGGCCGGCCTGGTGTCCGGTGCCGAGGTGACACCGTGGGCTGCGGGCGCGGTGGAGCCCGGGGCGGGCCTGGTGTCCGGGGCCGAGGTGACACCGTGGGC,171,10901,0.015686634253738188,High_Precision*,207.10,110.00,283.43,1,1300,4501,321,7.13
LB26-0096wdh-ready_downsampled_80pct,POS,80,E-M,67,C,CG,1:194:14458,TGGGGGGGCGGTGGAGCCCGGGGCCGGCCTGGTGTCCGGTGCCGAGGTGACACCGTGGGCTGCGGGCGCGGTGGAGCCCGGGGCGGGCCTGGTGTCCGGGGCCGAGGTGACACCGTGGGC,194,14458,0.013418176787937474,High_Precision*,231.74,121.00,320.61,1,1465,4501,320,7.11
LB26-0096wdh-ready_downsampled_90pct,POS,90,E-M,67,C,CG,1:163:16098,TGGGGGGGCGGTGGAGCCCGGGGCCGGCCTGGTGTCCGGTGCCGAGGTGACACCGTGGGCTGCGGGCGCGGTGGAGCCCGGGGCGGGCCTGGTGTCCGGGGCCGAGGTGACACCGTGGGC,163,16098,0.010125481426264132,High_Precision*,257.50,132.00,358.91,1,1649,4501,274,6.09
LB26-0097wdh-ready_downsampled_10pct,NEG,10,None,None,None,None,None,None,None,None,None,None,25.78,15.00,30.50,1,152,4501,812,18.04
LB26-0097wdh-ready_downsampled_20pct,NEG,20,None,None,None,None,None,None,None,None,None,None,51.87,28.00,63.49,1,293,4501,611,13.57
LB26-0097wdh-ready_downsampled_30pct,POS,30,E-Q,67,C,CG,1:39:2885,TGGGGGGGCGGTGGAGCCCGGGGCCGGCCTGGTGTCCGGGGCCGAGGTGACACTGTGGGCTGCGGGCGCGGTGGAGCCCGGGGCGGGCCTGGTGTCCGGGGCCGAGGTGACACCGTGGGC,39,2885,0.013518197573656845,High_Precision,75.47,43.00,90.87,1,409,4501,558,12.40
LB26-0097wdh-ready_downsampled_40pct,POS,40,E-Q,67,C,CG,1:60:3776,TGGGGGGGCGGTGGAGCCCGGGGCCGGCCTGGTGTCCGGGGCCGAGGTGACACTGTGGGCTGCGGGCGCGGTGGAGCCCGGGGCGGGCCTGGTGTCCGGGGCCGAGGTGACACCGTGGGC,60,3776,0.015889830508474576,High_Precision,100.57,61.00,119.87,1,555,4501,558,12.40
LB26-0097wdh-ready_downsampled_50pct,POS,50,E-Q,67,C,CG,1:74:4782,TGGGGGGGCGGTGGAGCCCGGGGCCGGCCTGGTGTCCGGGGCCGAGGTGACACTGTGGGCTGCGGGCGCGGTGGAGCCCGGGGCGGGCCTGGTGTCCGGGGCCGAGGTGACACCGTGGGC,74,4782,0.01547469677959013,High_Precision,125.00,76.00,150.50,1,690,4501,508,11.29
LB26-0097wdh-ready_downsampled_60pct,POS,60,E-Q,67,C,CG,1:87:5796,TGGGGGGGCGGTGGAGCCCGGGGCCGGCCTGGTGTCCGGGGCCGAGGTGACACTGTGGGCTGCGGGCGCGGTGGAGCCCGGGGCGGGCCTGGTGTCCGGGGCCGAGGTGACACCGTGGGC,87,5796,0.015010351966873706,High_Precision,147.31,90.00,177.23,1,822,4501,461,10.24
LB26-0097wdh-ready_downsampled_70pct,POS,70,E-M,67,C,CG,1:96:8658,TGGGGGGGCGGTGGAGCCCGGGGCCGGCCTGGTGTCCGGTGCCGAGGTGACACCGTGGGCTGCGGGCGCGGTGGAGCCCGGGGCGGGCCTGGTGTCCGGGGCCGAGGTGACACCGTGGGC,96,8658,0.011088011088011088,High_Precision,169.48,102.00,205.45,1,951,4501,437,9.71
LB26-0097wdh-ready_downsampled_80pct,POS,80,E-Q,67,C,CG,1:70:7693,TGGGGGGGCGGTGGAGCCCGGGGCCGGCCTGGTGTCCGGGGCCGAGGTGACACTGTGGGCTGCGGGCGCGGTGGAGCCCGGGGCGGGCCTGGTGTCCGGGGCCGAGGTGACACCGTGGGC,70,7693,0.009099181073703366,High_Precision,194.73,116.00,234.96,1,1062,4501,436,9.69
LB26-0097wdh-ready_downsampled_90pct,POS,90,E-M,67,C,CG,1:117:13486,TGGGGGGGCGGTGGAGCCCGGGGCCGGCCTGGTGTCCGGTGCCGAGGTGACACCGTGGGCTGCGGGCGCGGTGGAGCCCGGGGCGGGCCTGGTGTCCGGGGCCGAGGTGACACCGTGGGC,117,13486,0.00867566365119383,High_Precision*,220.39,132.00,265.26,1,1208,4501,429,9.53
LB26-0098wdh-ready_downsampled_10pct,NEG,10,None,None,None,None,None,None,None,None,None,None,29.67,14.00,38.76,0,189,4501,680,15.11
LB26-0098wdh-ready_downsampled_20pct,NEG,20,None,None,None,None,None,None,None,None,None,None,53.64,26.00,70.31,1,344,4501,581,12.91
LB26-0098wdh-ready_downsampled_30pct,POS,30,L-6p,67,G,GG,1:12:2239,CGGGGCCGGGGTGGAGCCCGGGGCCGGCCTGGTGTCCGGGGCCGAGGTGACACCGTGGGCTGGGGCGGCGGTGGAGCCCGGGGCCGGCCTGGTGTCCGGGGCTGAGGTGACACCGTGGGC,12,2239,0.005359535506922733,Low_Precision,80.11,40.00,107.71,1,499,4501,465,10.33
LB26-0098wdh-ready_downsampled_40pct,NEG,40,None,None,None,None,None,None,None,None,None,None,106.63,53.00,141.43,1,649,4501,433,9.62
LB26-0098wdh-ready_downsampled_50pct,POS,50,L-L,67,G,GG,1:20:3566,TGGGGCGGCGGTGGAGCCCGGGGCCGGCCTGGTGTCCGGGGCTGAGGTGACACCGTGGGCTGGGGCGGCGGTGGAGCCCGGGGCCGGCCTGGTGTCCGGGGCTGAGGTGACACCGTGGGC,20,3566,0.005608524957936063,Low_Precision,131.39,67.00,173.49,1,785,4501,426,9.46
LB26-0098wdh-ready_downsampled_60pct,POS,60,L-L,67,G,GG,1:26:4258,TGGGGCGGCGGTGGAGCCCGGGGCCGGCCTGGTGTCCGGGGCTGAGGTGACACCGTGGGCTGGGGCGGCGGTGGAGCCCGGGGCCGGCCTGGTGTCCGGGGCTGAGGTGACACCGTGGGC,26,4258,0.0061061531235321745,High_Precision,155.22,79.00,207.95,1,954,4501,374,8.31
LB26-0098wdh-ready_downsampled_70pct,POS,70,L-L,67,G,GG,1:31:4887,TGGGGCGGCGGTGGAGCCCGGGGCCGGCCTGGTGTCCGGGGCTGAGGTGACACCGTGGGCTGGGGCGGCGGTGGAGCCCGGGGCCGGCCTGGTGTCCGGGGCTGAGGTGACACCGTGGGC,31,4887,0.0063433599345201555,High_Precision,180.75,93.00,240.41,1,1126,4501,374,8.31
LB26-0098wdh-ready_downsampled_80pct,POS,80,E-M,67,C,CG,1:116:12803,TGGGGGGGCGGTGGAGCCCGGGGCCGGCCTGGTGTCCGGTGCCGAGGTGACACCGTGGGCTGCGGGCGCGGTGGAGCCCGGGGCGGGCCTGGTGTCCGGGGCCGAGGTGACACCGTGGGC,116,12803,0.009060376474263844,High_Precision*,206.19,106.00,276.22,1,1284,4501,332,7.38
LB26-0098wdh-ready_downsampled_90pct,POS,90,E-M,67,C,CG,1:128:14256,TGGGGGGGCGGTGGAGCCCGGGGCCGGCCTGGTGTCCGGTGCCGAGGTGACACCGTGGGCTGCGGGCGCGGTGGAGCCCGGGGCGGGCCTGGTGTCCGGGGCCGAGGTGACACCGTGGGC,128,14256,0.008978675645342313,High_Precision*,230.79,117.00,310.65,1,1445,4501,329,7.31
LB26-0099wdh-ready_downsampled_10pct,POS,10,D-C,67,G,GG,1:15:978,TTGGGGGGCGGTGGAGCCCGGGGCCGGCCTGGTGTCCGGGGCCGAGGTGACACCGTGGGCTGGGGGGGCGGTGGAGCCCGGGGCGGGCCTGGTGTCCGGGGCCGAGGTGACACCGTGGGC,15,978,0.015337423312883436,Low_Precision,28.43,17.00,32.77,1,147,4501,627,13.93
LB26-0099wdh-ready_downsampled_20pct,POS,20,E-Q,67,C,CG,1:32:1992,TGGGGGGGCGGTGGAGCCCGGGGCCGGCCTGGTGTCCGGGGCCGAGGTGACACTGTGGGCTGCGGGCGCGGTGGAGCCCGGGGCGGGCCTGGTGTCCGGGGCCGAGGTGACACCGTGGGC,32,1992,0.01606425702811245,High_Precision,52.56,32.00,62.61,1,272,4501,469,10.42
LB26-0099wdh-ready_downsampled_30pct,POS,30,E-Q,67,C,CG,1:52:2990,TGGGGGGGCGGTGGAGCCCGGGGCCGGCCTGGTGTCCGGGGCCGAGGTGACACTGTGGGCTGCGGGCGCGGTGGAGCCCGGGGCGGGCCTGGTGTCCGGGGCCGAGGTGACACCGTGGGC,52,2990,0.017391304347826087,High_Precision,77.89,49.00,91.88,1,400,4501,401,8.91
LB26-0099wdh-ready_downsampled_40pct,POS,40,E-Q,67,C,CG,1:76:4038,TGGGGGGGCGGTGGAGCCCGGGGCCGGCCTGGTGTCCGGGGCCGAGGTGACACTGTGGGCTGCGGGCGCGGTGGAGCCCGGGGCGGGCCTGGTGTCCGGGGCCGAGGTGACACCGTGGGC,76,4038,0.018821198613174838,High_Precision,103.28,64.00,127.00,1,560,4501,362,8.04
LB26-0099wdh-ready_downsampled_50pct,POS,50,C-L,67,G,GG,1:126:6856,TGGGGCGGCGGTGGAGCCCGGGGCCGGCCTGGTGTCCGGGGCTGAGGTGACACCGTGGGCTTGGGGGGCGGTGGAGCCCGGGGCCGGCCTGGTGTCCGGGGCCGAGGTGACACCGTGGGC,126,6856,0.01837806301050175,High_Precision*,130.18,80.00,157.73,1,682,4501,362,8.04
LB26-0099wdh-ready_downsampled_60pct,POS,60,C-L,67,G,GG,1:156:8281,TGGGGCGGCGGTGGAGCCCGGGGCCGGCCTGGTGTCCGGGGCTGAGGTGACACCGTGGGCTTGGGGGGCGGTGGAGCCCGGGGCCGGCCTGGTGTCCGGGGCCGAGGTGACACCGTGGGC,156,8281,0.018838304552590265,High_Precision*,152.45,90.00,187.14,1,816,4501,272,6.04
LB26-0099wdh-ready_downsampled_70pct,POS,70,E-Q,67,C,CG,1:118:7086,TGGGGGGGCGGTGGAGCCCGGGGCCGGCCTGGTGTCCGGGGCCGAGGTGACACTGTGGGCTGCGGGCGCGGTGGAGCCCGGGGCGGGCCTGGTGTCCGGGGCCGAGGTGACACCGTGGGC,118,7086,0.016652554332486594,High_Precision*,176.66,104.00,214.38,1,945,4501,270,6.00
LB26-0099wdh-ready_downsampled_80pct,POS,80,E-Q,67,C,CG,1:142:8043,TGGGGGGGCGGTGGAGCCCGGGGCCGGCCTGGTGTCCGGGGCCGAGGTGACACTGTGGGCTGCGGGCGCGGTGGAGCCCGGGGCGGGCCTGGTGTCCGGGGCCGAGGTGACACCGTGGGC,142,8043,0.01765510381698371,High_Precision*,198.68,124.00,242.85,1,1050,4501,213,4.73
LB26-0099wdh-ready_downsampled_90pct,POS,90,E-Q,67,C,CG,1:162:9142,TGGGGGGGCGGTGGAGCCCGGGGCCGGCCTGGTGTCCGGGGCCGAGGTGACACTGTGGGCTGCGGGCGCGGTGGAGCCCGGGGCGGGCCTGGTGTCCGGGGCCGAGGTGACACCGTGGGC,162,9142,0.0177204112885583,High_Precision*,224.28,142.00,274.79,1,1201,4501,209,4.64
LB26-0100wdh-ready_downsampled_10pct,NEG,10,None,None,None,None,None,None,None,None,None,None,27.19,17.00,30.81,1,134,4501,633,14.06
LB26-0100wdh-ready_downsampled_20pct,NEG,20,None,None,None,None,None,None,None,None,None,None,52.81,34.00,61.30,1,275,4501,516,11.46
LB26-0100wdh-ready_downsampled_30pct,POS,30,E-Q,67,C,CG,1:57:3266,TGGGGGGGCGGTGGAGCCCGGGGCCGGCCTGGTGTCCGGGGCCGAGGTGACACTGTGGGCTGCGGGCGCGGTGGAGCCCGGGGCGGGCCTGGTGTCCGGGGCCGAGGTGACACCGTGGGC,57,3266,0.01745254133496632,High_Precision,77.94,48.00,95.69,1,417,4501,415,9.22
LB26-0100wdh-ready_downsampled_40pct,POS,40,E-Q,67,C,CG,1:70:4253,TGGGGGGGCGGTGGAGCCCGGGGCCGGCCTGGTGTCCGGGGCCGAGGTGACACTGTGGGCTGCGGGCGCGGTGGAGCCCGGGGCGGGCCTGGTGTCCGGGGCCGAGGTGACACCGTGGGC,70,4253,0.016458970138725604,High_Precision,103.83,63.00,128.54,1,592,4501,372,8.26
LB26-0100wdh-ready_downsampled_50pct,POS,50,E-Q,67,C,CG,1:74:5316,TGGGGGGGCGGTGGAGCCCGGGGCCGGCCTGGTGTCCGGGGCCGAGGTGACACTGTGGGCTGCGGGCGCGGTGGAGCCCGGGGCGGGCCTGGTGTCCGGGGCCGAGGTGACACCGTGGGC,74,5316,0.013920240782543265,High_Precision,128.19,77.00,157.98,1,736,4501,367,8.15
LB26-0100wdh-ready_downsampled_60pct,POS,60,E-Q,67,C,CG,1:123:6489,TGGGGGGGCGGTGGAGCCCGGGGCCGGCCTGGTGTCCGGGGCCGAGGTGACACTGTGGGCTGCGGGCGCGGTGGAGCCCGGGGCGGGCCTGGTGTCCGGGGCCGAGGTGACACCGTGGGC,123,6489,0.018955154877484975,High_Precision*,152.93,90.00,190.41,1,853,4501,319,7.09
LB26-0100wdh-ready_downsampled_70pct,POS,70,E-Q,67,C,CG,1:110:7397,TGGGGGGGCGGTGGAGCCCGGGGCCGGCCTGGTGTCCGGGGCCGAGGTGACACTGTGGGCTGCGGGCGCGGTGGAGCCCGGGGCGGGCCTGGTGTCCGGGGCCGAGGTGACACCGTGGGC,110,7397,0.01487089360551575,High_Precision*,176.55,102.00,220.86,1,1003,4501,313,6.95
LB26-0100wdh-ready_downsampled_80pct,POS,80,E-Q,67,C,CG,1:130:8591,TGGGGGGGCGGTGGAGCCCGGGGCCGGCCTGGTGTCCGGGGCCGAGGTGACACTGTGGGCTGCGGGCGCGGTGGAGCCCGGGGCGGGCCTGGTGTCCGGGGCCGAGGTGACACCGTGGGC,130,8591,0.01513211500407403,High_Precision*,204.29,116.00,256.55,1,1153,4501,313,6.95
LB26-0100wdh-ready_downsampled_90pct,POS,90,E-Q,67,C,CG,1:144:9581,TGGGGGGGCGGTGGAGCCCGGGGCCGGCCTGGTGTCCGGGGCCGAGGTGACACTGTGGGCTGCGGGCGCGGTGGAGCCCGGGGCGGGCCTGGTGTCCGGGGCCGAGGTGACACCGTGGGC,144,9581,0.015029746373029956,High_Precision*,226.51,127.00,285.41,0,1295,4501,292,6.49
LB26-0101wdh-ready_downsampled_10pct,POS,10,C-L,67,G,GG,1:15:1313,TGGGGCGGCGGTGGAGCCCGGGGCCGGCCTGGTGTCCGGGGCTGAGGTGACACCGTGGGCTTGGGGGGCGGTGGAGCCCGGGGCCGGCCTGGTGTCCGGGGCCGAGGTGACACCGTGGGC,15,1313,0.011424219345011425,Low_Precision,27.35,17.00,31.68,1,136,4501,693,15.40
LB26-0101wdh-ready_downsampled_20pct,POS,20,D-S,67,G,GG,1:36:1417,TGCGGGGGCGGTGGAGCCCGGGGCCGGCCTGCTCTCCGGGGCTGAGGTGACACCGTGGGCTGGGGGGGCGGTGGAGCCCGGGGCGGGCCTGGTGTCCGGGGCCGAGGTGACACCGTGGGC,36,1417,0.025405786873676783,High_Precision,51.19,26.00,62.73,1,257,4501,561,12.46
LB26-0101wdh-ready_downsampled_30pct,POS,30,O-S,67,G,GG,1:63:2038,TGCGGGGGCGGTGGAGCCCGGGGCCGGCCTGCTCTCCGGGGCTGAGGTGACACCGTGGGCTGGGGGGGCGGTGGAGCCTGGGGCCGGCCTGGTGTCCGGGGCCGAGGTGACACCGTGGGC,63,2038,0.030912659470068694,High_Precision,75.48,40.00,92.67,1,414,4501,475,10.55
LB26-0101wdh-ready_downsampled_40pct,POS,40,K-Q,67,G,GG,1:154:7104,TGGGGGGGCGGTGGAGCCCGGGGCCGGCCTGGTGTCCGGGGCCGAGGTGACACTGTGGGCTGGGGGGGCGGTGGAGCCCAGGGCCGGCCTGCTCTCCGGGGCCGAGGTGACACCGTGGGC,154,7104,0.02167792792792793,High_Precision*,99.09,51.00,122.53,1,535,4501,469,10.42
LB26-0101wdh-ready_downsampled_50pct,POS,50,K-L,67,G,GG,1:206:8737,TGGGGCGGCGGTGGAGCCCGGGGCCGGCCTGGTGTCCGGGGCTGAGGTGACACCGTGGGCTGGGGGGGCGGTGGAGCCCAGGGCCGGCCTGCTCTCCGGGGCCGAGGTGACACCGTGGGC,206,8737,0.02357788714661783,High_Precision*,121.31,65.00,151.72,1,646,4501,433,9.62
LB26-0101wdh-ready_downsampled_60pct,POS,60,Q-J,67,G,GG,1:190:7621,TGCGGGCGCGGTGGAGCCCGGGGCCGGCCTGCTCTCCGGTGCCGAGGTGACACCGTGGGCTGGGGGGGCGGTGGAGCCCGGGGCCGGCCTGGTGTCCGGGGCCGAGGTGACACTGTGGGC,190,7621,0.024931111402703057,High_Precision*,145.74,75.00,186.27,1,799,4501,396,8.80
LB26-0101wdh-ready_downsampled_70pct,POS,70,B-J,67,G,GG,1:274:11978,TGCGGGCGCGGTGGAGCCCGGGGCCGGCCTGCTCTCCGGTGCCGAGGTGACACCGTGGGCTGGGGGGGCGGTGGAGCCCGGGGCCGGCCTGCTCTCCGGGGCCGAGGTGACACCGTGGGC,274,11978,0.022875271330773085,High_Precision*,168.74,93.00,216.47,1,944,4501,364,8.09
LB26-0101wdh-ready_downsampled_80pct,POS,80,C-L,67,G,GG,1:307:10316,TGGGGCGGCGGTGGAGCCCGGGGCCGGCCTGGTGTCCGGGGCTGAGGTGACACCGTGGGCTTGGGGGGCGGTGGAGCCCGGGGCCGGCCTGGTGTCCGGGGCCGAGGTGACACCGTGGGC,307,10316,0.029759596742923614,High_Precision*,193.75,108.00,247.77,1,1079,4501,358,7.95
LB26-0101wdh-ready_downsampled_90pct,POS,90,C-L,67,G,GG,1:411:11505,TGGGGCGGCGGTGGAGCCCGGGGCCGGCCTGGTGTCCGGGGCTGAGGTGACACCGTGGGCTTGGGGGGCGGTGGAGCCCGGGGCCGGCCTGGTGTCCGGGGCCGAGGTGACACCGTGGGC,411,11505,0.03572359843546284,High_Precision*,216.91,123.00,278.10,1,1214,4501,337,7.49
LB26-0102wdh-ready_downsampled_10pct,POS,10,W-M,67,G,GG,1:15:1034,TGGGGGGGCGGTGGAGCCCGGGGCCGGCCTGGTGTCCGGTGCCGAGGTGACACCGTGGGCCGGGGGGGCGGTGGAGCCCGGGGCCGGCCTGGTGTCCGGGGCCGAGGTGACACCGTGGGC,15,1034,0.014506769825918761,Low_Precision,25.96,15.00,29.11,1,132,4501,647,14.37
LB26-0102wdh-ready_downsampled_20pct,POS,20,C-L,67,G,GG,1:54:2687,TGGGGCGGCGGTGGAGCCCGGGGCCGGCCTGGTGTCCGGGGCTGAGGTGACACCGTGGGCTTGGGGGGCGGTGGAGCCCGGGGCCGGCCTGGTGTCCGGGGCCGAGGTGACACCGTGGGC,54,2687,0.020096762188314105,High_Precision,50.73,31.00,59.23,0,268,4501,517,11.49
LB26-0102wdh-ready_downsampled_30pct,POS,30,C-L,67,G,GG,1:113:3931,TGGGGCGGCGGTGGAGCCCGGGGCCGGCCTGGTGTCCGGGGCTGAGGTGACACCGTGGGCTTGGGGGGCGGTGGAGCCCGGGGCCGGCCTGGTGTCCGGGGCCGAGGTGACACCGTGGGC,113,3931,0.0287458661918087,High_Precision*,73.66,45.00,85.91,1,402,4501,486,10.80
LB26-0102wdh-ready_downsampled_40pct,POS,40,C-L,67,G,GG,1:127:5214,TGGGGCGGCGGTGGAGCCCGGGGCCGGCCTGGTGTCCGGGGCTGAGGTGACACCGTGGGCTTGGGGGGCGGTGGAGCCCGGGGCCGGCCTGGTGTCCGGGGCCGAGGTGACACCGTGGGC,127,5214,0.024357499041043344,High_Precision*,97.95,60.00,114.36,1,525,4501,473,10.51
LB26-0102wdh-ready_downsampled_50pct,POS,50,C-L,67,G,GG,1:167:6508,TGGGGCGGCGGTGGAGCCCGGGGCCGGCCTGGTGTCCGGGGCTGAGGTGACACCGTGGGCTTGGGGGGCGGTGGAGCCCGGGGCCGGCCTGGTGTCCGGGGCCGAGGTGACACCGTGGGC,167,6508,0.025660725261216964,High_Precision*,121.45,75.00,141.70,1,653,4501,406,9.02
LB26-0102wdh-ready_downsampled_60pct,POS,60,C-L,67,G,GG,1:242:7508,TGGGGCGGCGGTGGAGCCCGGGGCCGGCCTGGTGTCCGGGGCTGAGGTGACACCGTGGGCTTGGGGGGCGGTGGAGCCCGGGGCCGGCCTGGTGTCCGGGGCCGAGGTGACACCGTGGGC,242,7508,0.03223228556206713,High_Precision*,143.88,88.00,168.76,1,771,4501,397,8.82
LB26-0102wdh-ready_downsampled_70pct,POS,70,C-L,67,G,GG,1:238:8959,TGGGGCGGCGGTGGAGCCCGGGGCCGGCCTGGTGTCCGGGGCTGAGGTGACACCGTGGGCTTGGGGGGCGGTGGAGCCCGGGGCCGGCCTGGTGTCCGGGGCCGAGGTGACACCGTGGGC,238,8959,0.026565464895635674,High_Precision*,166.26,102.00,195.67,1,907,4501,382,8.49
LB26-0102wdh-ready_downsampled_80pct,POS,80,C-L,67,G,GG,1:275:10139,TGGGGCGGCGGTGGAGCCCGGGGCCGGCCTGGTGTCCGGGGCTGAGGTGACACCGTGGGCTTGGGGGGCGGTGGAGCCCGGGGCCGGCCTGGTGTCCGGGGCCGAGGTGACACCGTGGGC,275,10139,0.027122990432981556,High_Precision*,188.25,117.00,220.39,1,1018,4501,379,8.42
LB26-0102wdh-ready_downsampled_90pct,POS,90,C-L,67,G,GG,1:317:11533,TGGGGCGGCGGTGGAGCCCGGGGCCGGCCTGGTGTCCGGGGCTGAGGTGACACCGTGGGCTTGGGGGGCGGTGGAGCCCGGGGCCGGCCTGGTGTCCGGGGCCGAGGTGACACCGTGGGC,317,11533,0.027486343535940344,High_Precision*,213.93,135.00,248.71,1,1157,4501,379,8.42
LB26-0103wdh-ready_downsampled_10pct,NEG,10,None,None,None,None,None,None,None,None,None,None,16.72,10.00,19.83,1,84,4501,670,14.89
LB26-0103wdh-ready_downsampled_20pct,POS,20,C-L,67,G,GG,1:39:1695,TGGGGCGGCGGTGGAGCCCGGGGCCGGCCTGGTGTCCGGGGCTGAGGTGACACCGTGGGCTTGGGGGGCGGTGGAGCCCGGGGCCGGCCTGGTGTCCGGGGCCGAGGTGACACCGTGGGC,39,1695,0.023008849557522124,High_Precision,33.77,21.00,38.52,1,159,4501,636,14.13
LB26-0103wdh-ready_downsampled_30pct,POS,30,C-Q,67,G,GG,1:29:2321,TGGGGGGGCGGTGGAGCCCGGGGCCGGCCTGGTGTCCGGGGCCGAGGTGACACTGTGGGCTTGGGGGGCGGTGGAGCCCGGGGCCGGCCTGGTGTCCGGGGCCGAGGTGACACCGTGGGC,29,2321,0.012494614390348987,High_Precision,49.78,30.00,56.77,1,228,4501,539,11.98
LB26-0103wdh-ready_downsampled_40pct,POS,40,D-S,67,G,GG,1:41:1970,TGCGGGGGCGGTGGAGCCCGGGGCCGGCCTGCTCTCCGGGGCTGAGGTGACACCGTGGGCTGGGGGGGCGGTGGAGCCCGGGGCGGGCCTGGTGTCCGGGGCCGAGGTGACACCGTGGGC,41,1970,0.02081218274111675,High_Precision,66.05,40.00,74.33,1,298,4501,511,11.35
LB26-0103wdh-ready_downsampled_50pct,POS,50,D-S,67,G,GG,1:62:2492,TGCGGGGGCGGTGGAGCCCGGGGCCGGCCTGCTCTCCGGGGCTGAGGTGACACCGTGGGCTGGGGGGGCGGTGGAGCCCGGGGCGGGCCTGGTGTCCGGGGCCGAGGTGACACCGTGGGC,62,2492,0.024879614767255216,High_Precision,81.82,49.00,92.20,1,363,4501,461,10.24
LB26-0103wdh-ready_downsampled_60pct,POS,60,D-S,67,G,GG,1:70:3025,TGCGGGGGCGGTGGAGCCCGGGGCCGGCCTGCTCTCCGGGGCTGAGGTGACACCGTGGGCTGGGGGGGCGGTGGAGCCCGGGGCGGGCCTGGTGTCCGGGGCCGAGGTGACACCGTGGGC,70,3025,0.023140495867768594,High_Precision,96.57,57.00,112.54,1,444,4501,411,9.13
LB26-0103wdh-ready_downsampled_70pct,POS,70,I-J,67,C,CG,1:113:5509,TGCGGGCGCGGTGGAGCCCGGGGCCGGCCTGCTCTCCGGTGCCGAGGTGACACCGTGGGCTGGGGGCGCGGTGGAGCCCGGGGCCGGCCTGGTGTCCGGGGCCGAGGTGACACCGTGGGC,113,5509,0.020511889635142493,High_Precision*,110.84,68.00,130.50,1,518,4501,371,8.24
LB26-0103wdh-ready_downsampled_80pct,POS,80,C-L,67,G,GG,1:125:6297,TGGGGCGGCGGTGGAGCCCGGGGCCGGCCTGGTGTCCGGGGCTGAGGTGACACCGTGGGCTTGGGGGGCGGTGGAGCCCGGGGCCGGCCTGGTGTCCGGGGCCGAGGTGACACCGTGGGC,125,6297,0.019850722566301413,High_Precision*,126.54,74.00,148.28,1,599,4501,365,8.11
LB26-0103wdh-ready_downsampled_90pct,POS,90,D-J,67,G,GG,1:138:7100,TGCGGGCGCGGTGGAGCCCGGGGCCGGCCTGCTCTCCGGTGCCGAGGTGACACCGTGGGCTGGGGGGGCGGTGGAGCCCGGGGCGGGCCTGGTGTCCGGGGCCGAGGTGACACCGTGGGC,138,7100,0.019436619718309858,High_Precision*,141.50,84.00,166.70,1,668,4501,307,6.82
LB26-0104wdh-ready_downsampled_10pct,NEG,10,None,None,None,None,None,None,None,None,None,None,26.96,15.00,29.77,0,133,4501,837,18.60
LB26-0104wdh-ready_downsampled_20pct,POS,20,C-L,67,G,GG,1:42:2622,TGGGGCGGCGGTGGAGCCCGGGGCCGGCCTGGTGTCCGGGGCTGAGGTGACACCGTGGGCTTGGGGGGCGGTGGAGCCCGGGGCCGGCCTGGTGTCCGGGGCCGAGGTGACACCGTGGGC,42,2622,0.016018306636155607,High_Precision,53.76,32.00,63.00,0,270,4501,593,13.17
LB26-0104wdh-ready_downsampled_30pct,POS,30,C-L,67,G,GG,1:49:4142,TGGGGCGGCGGTGGAGCCCGGGGCCGGCCTGGTGTCCGGGGCTGAGGTGACACCGTGGGCTTGGGGGGCGGTGGAGCCCGGGGCCGGCCTGGTGTCCGGGGCCGAGGTGACACCGTGGGC,49,4142,0.011830033800096573,High_Precision,81.14,46.00,96.77,0,418,4501,571,12.69
LB26-0104wdh-ready_downsampled_40pct,POS,40,C-L,67,G,GG,1:75:5614,TGGGGCGGCGGTGGAGCCCGGGGCCGGCCTGGTGTCCGGGGCTGAGGTGACACCGTGGGCTTGGGGGGCGGTGGAGCCCGGGGCCGGCCTGGTGTCCGGGGCCGAGGTGACACCGTGGGC,75,5614,0.013359458496615604,High_Precision,109.59,63.00,127.30,0,546,4501,546,12.13
LB26-0104wdh-ready_downsampled_50pct,POS,50,C-L,67,G,GG,1:93:7071,TGGGGCGGCGGTGGAGCCCGGGGCCGGCCTGGTGTCCGGGGCTGAGGTGACACCGTGGGCTTGGGGGGCGGTGGAGCCCGGGGCCGGCCTGGTGTCCGGGGCCGAGGTGACACCGTGGGC,93,7071,0.013152312261349173,High_Precision,135.80,79.00,159.68,1,697,4501,475,10.55
LB26-0104wdh-ready_downsampled_60pct,POS,60,C-L,67,G,GG,1:118:8392,TGGGGCGGCGGTGGAGCCCGGGGCCGGCCTGGTGTCCGGGGCTGAGGTGACACCGTGGGCTTGGGGGGCGGTGGAGCCCGGGGCCGGCCTGGTGTCCGGGGCCGAGGTGACACCGTGGGC,118,8392,0.014061010486177312,High_Precision*,162.06,95.00,190.55,1,837,4501,468,10.40
LB26-0104wdh-ready_downsampled_70pct,POS,70,D-J,67,G,GG,1:135:9450,TGCGGGCGCGGTGGAGCCCGGGGCCGGCCTGCTCTCCGGTGCCGAGGTGACACCGTGGGCTGGGGGGGCGGTGGAGCCCGGGGCGGGCCTGGTGTCCGGGGCCGAGGTGACACCGTGGGC,135,9450,0.014285714285714285,High_Precision*,186.24,110.00,219.82,1,956,4501,451,10.02
LB26-0104wdh-ready_downsampled_80pct,POS,80,C-L,67,G,GG,1:163:10979,TGGGGCGGCGGTGGAGCCCGGGGCCGGCCTGGTGTCCGGGGCTGAGGTGACACCGTGGGCTTGGGGGGCGGTGGAGCCCGGGGCCGGCCTGGTGTCCGGGGCCGAGGTGACACCGTGGGC,163,10979,0.014846525184443028,High_Precision*,211.13,126.00,248.58,1,1092,4501,441,9.80
LB26-0104wdh-ready_downsampled_90pct,POS,90,C-L,67,G,GG,1:245:12447,TGGGGCGGCGGTGGAGCCCGGGGCCGGCCTGGTGTCCGGGGCTGAGGTGACACCGTGGGCTTGGGGGGCGGTGGAGCCCGGGGCCGGCCTGGTGTCCGGGGCCGAGGTGACACCGTGGGC,245,12447,0.01968345786133205,High_Precision*,237.32,141.00,281.31,1,1260,4501,413,9.18
LB26-0105wdh-ready_downsampled_10pct,POS,10,B-6,67,G,GG,1:26:1532,CGGGGCCGGGGTGGAGCCCGGGGCCCGCCTGGTGTCCGGGGCCGAGGTGACACCGTGGGCTGGGGGGGCGGTGGAGCCCGGGGCCGGCCTGCTCTCCGGGGCCGAGGTGACACCGTGGGC,26,1532,0.016971279373368148,High_Precision,31.33,14.00,43.00,1,191,4501,676,15.02
LB26-0105wdh-ready_downsampled_20pct,POS,20,E-M,67,C,CG,1:47:3664,TGGGGGGGCGGTGGAGCCCGGGGCCGGCCTGGTGTCCGGTGCCGAGGTGACACCGTGGGCTGCGGGCGCGGTGGAGCCCGGGGCGGGCCTGGTGTCCGGGGCCGAGGTGACACCGTGGGC,47,3664,0.012827510917030568,High_Precision,60.37,27.00,88.65,0,384,4501,380,8.44
LB26-0105wdh-ready_downsampled_30pct,POS,30,E-M,67,C,CG,1:72:5260,TGGGGGGGCGGTGGAGCCCGGGGCCGGCCTGGTGTCCGGTGCCGAGGTGACACCGTGGGCTGCGGGCGCGGTGGAGCCCGGGGCGGGCCTGGTGTCCGGGGCCGAGGTGACACCGTGGGC,72,5260,0.013688212927756654,High_Precision,87.31,39.00,126.24,0,534,4501,374,8.31
LB26-0105wdh-ready_downsampled_40pct,POS,40,E-M,67,C,CG,1:81:6961,TGGGGGGGCGGTGGAGCCCGGGGCCGGCCTGGTGTCCGGTGCCGAGGTGACACCGTGGGCTGCGGGCGCGGTGGAGCCCGGGGCGGGCCTGGTGTCCGGGGCCGAGGTGACACCGTGGGC,81,6961,0.01163625915816693,High_Precision,116.09,51.00,165.52,0,716,4501,369,8.20
LB26-0105wdh-ready_downsampled_50pct,POS,50,E-M,67,C,CG,1:94:8619,TGGGGGGGCGGTGGAGCCCGGGGCCGGCCTGGTGTCCGGTGCCGAGGTGACACCGTGGGCTGCGGGCGCGGTGGAGCCCGGGGCGGGCCTGGTGTCCGGGGCCGAGGTGACACCGTGGGC,94,8619,0.010906137602970182,High_Precision,142.60,64.00,204.82,0,872,4501,361,8.02
LB26-0105wdh-ready_downsampled_60pct,POS,60,E-M,67,C,CG,1:109:10466,TGGGGGGGCGGTGGAGCCCGGGGCCGGCCTGGTGTCCGGTGCCGAGGTGACACCGTGGGCTGCGGGCGCGGTGGAGCCCGGGGCGGGCCTGGTGTCCGGGGCCGAGGTGACACCGTGGGC,109,10466,0.010414676094018728,High_Precision*,171.11,79.00,245.82,0,1050,4501,337,7.49
LB26-0105wdh-ready_downsampled_70pct,POS,70,L-6p,67,G,GG,1:42:6137,CGGGGCCGGGGTGGAGCCCGGGGCCGGCCTGGTGTCCGGGGCCGAGGTGACACCGTGGGCTGGGGCGGCGGTGGAGCCCGGGGCCGGCCTGGTGTCCGGGGCTGAGGTGACACCGTGGGC,42,6137,0.00684373472380642,High_Precision,196.79,90.00,283.10,1,1208,4501,321,7.13
LB26-0105wdh-ready_downsampled_80pct,POS,80,L-L,67,G,GG,1:46:6973,TGGGGCGGCGGTGGAGCCCGGGGCCGGCCTGGTGTCCGGGGCTGAGGTGACACCGTGGGCTGGGGCGGCGGTGGAGCCCGGGGCCGGCCTGGTGTCCGGGGCTGAGGTGACACCGTGGGC,46,6973,0.006596873655528467,High_Precision,224.79,104.00,325.08,1,1396,4501,321,7.13
LB26-0105wdh-ready_downsampled_90pct,POS,90,L-6p,67,G,GG,1:47:7829,CGGGGCCGGGGTGGAGCCCGGGGCCGGCCTGGTGTCCGGGGCCGAGGTGACACCGTGGGCTGGGGCGGCGGTGGAGCCCGGGGCCGGCCTGGTGTCCGGGGCTGAGGTGACACCGTGGGC,47,7829,0.006003320986077404,High_Precision,252.60,117.00,365.33,1,1541,4501,318,7.07
LB26-0110wdh-ready_downsampled_10pct,NEG,10,None,None,None,None,None,None,None,None,None,None,19.75,15.00,19.47,0,83,4501,625,13.89
LB26-0110wdh-ready_downsampled_20pct,POS,20,5C-L,67,G,GG,1:12:1568,TGGGGCGGCGGTGGAGCCCGGGGCCGGCCTGGTGTCCGGGGCTGAGGTGACACCGTGGGCTTGGGGGGCGGTGGAGCCCGGGGCCGGCCTGGTGTCCGGGGCTGAGGTGACATCGTGGGC,12,1568,0.007653061224489796,Low_Precision,40.58,28.00,40.57,0,171,4501,563,12.51
LB26-0110wdh-ready_downsampled_30pct,POS,30,S-6p,67,G,GG,1:7:1407,CGGGGCCGGGGTGGAGCCCGGGGCCGGCCTGGTGTCCGGGGCCGAGGTGACACCGTGGGCTGCGGGGGCGGTGGAGCCCGGGGCCGGCCTGCTCTCCGGGGCTGAGGTGACACCGTGGGC,7,1407,0.004975124378109453,Low_Precision,59.31,44.00,57.71,1,237,4501,500,11.11
LB26-0110wdh-ready_downsampled_40pct,POS,40,E-Q,67,C,CG,1:51:2999,TGGGGGGGCGGTGGAGCCCGGGGCCGGCCTGGTGTCCGGGGCCGAGGTGACACTGTGGGCTGCGGGCGCGGTGGAGCCCGGGGCGGGCCTGGTGTCCGGGGCCGAGGTGACACCGTGGGC,51,2999,0.017005668556185394,High_Precision,78.20,58.00,77.02,1,313,4501,417,9.26
LB26-0110wdh-ready_downsampled_50pct,POS,50,C-L,67,G,GG,1:68:4562,TGGGGCGGCGGTGGAGCCCGGGGCCGGCCTGGTGTCCGGGGCTGAGGTGACACCGTGGGCTTGGGGGGCGGTGGAGCCCGGGGCCGGCCTGGTGTCCGGGGCCGAGGTGACACCGTGGGC,68,4562,0.014905743095133712,High_Precision,96.22,71.00,95.45,1,394,4501,346,7.69
LB26-0110wdh-ready_downsampled_60pct,POS,60,C-L,67,G,GG,1:93:5508,TGGGGCGGCGGTGGAGCCCGGGGCCGGCCTGGTGTCCGGGGCTGAGGTGACACCGTGGGCTTGGGGGGCGGTGGAGCCCGGGGCCGGCCTGGTGTCCGGGGCCGAGGTGACACCGTGGGC,93,5508,0.016884531590413945,High_Precision,116.25,84.00,114.77,1,475,4501,340,7.55
LB26-0110wdh-ready_downsampled_70pct,POS,70,C-L,67,G,GG,1:99:6506,TGGGGCGGCGGTGGAGCCCGGGGCCGGCCTGGTGTCCGGGGCTGAGGTGACACCGTGGGCTTGGGGGGCGGTGGAGCCCGGGGCCGGCCTGGTGTCCGGGGCCGAGGTGACACCGTGGGC,99,6506,0.015216723024900092,High_Precision,137.16,99.00,135.10,1,557,4501,332,7.38
LB26-0110wdh-ready_downsampled_80pct,POS,80,E-Q,67,C,CG,1:117:6323,TGGGGGGGCGGTGGAGCCCGGGGCCGGCCTGGTGTCCGGGGCCGAGGTGACACTGTGGGCTGCGGGCGCGGTGGAGCCCGGGGCGGGCCTGGTGTCCGGGGCCGAGGTGACACCGTGGGC,117,6323,0.01850387474300174,High_Precision*,158.34,115.00,154.96,1,645,4501,328,7.29
LB26-0110wdh-ready_downsampled_90pct,POS,90,E-Q,67,C,CG,1:141:7120,TGGGGGGGCGGTGGAGCCCGGGGCCGGCCTGGTGTCCGGGGCCGAGGTGACACTGTGGGCTGCGGGCGCGGTGGAGCCCGGGGCGGGCCTGGTGTCCGGGGCCGAGGTGACACCGTGGGC,141,7120,0.019803370786516852,High_Precision*,177.34,130.00,173.16,1,724,4501,328,7.29
LB26-0111wdh-ready_downsampled_10pct,NEG,10,None,None,None,None,None,None,None,None,None,None,21.87,12.00,24.40,1,115,4501,700,15.55
LB26-0111wdh-ready_downsampled_20pct,POS,20,E-M,67,C,CG,1:39:2131,TGGGGGGGCGGTGGAGCCCGGGGCCGGCCTGGTGTCCGGTGCCGAGGTGACACCGTGGGCTGCGGGCGCGGTGGAGCCCGGGGCGGGCCTGGTGTCCGGGGCCGAGGTGACACCGTGGGC,39,2131,0.018301267010793053,High_Precision,43.69,25.00,49.57,1,224,4501,536,11.91
LB26-0111wdh-ready_downsampled_30pct,POS,30,E-M,67,C,CG,1:44:3220,TGGGGGGGCGGTGGAGCCCGGGGCCGGCCTGGTGTCCGGTGCCGAGGTGACACCGTGGGCTGCGGGCGCGGTGGAGCCCGGGGCGGGCCTGGTGTCCGGGGCCGAGGTGACACCGTGGGC,44,3220,0.013664596273291925,High_Precision,64.21,40.00,72.28,1,340,4501,487,10.82
LB26-0111wdh-ready_downsampled_40pct,POS,40,E-M,67,C,CG,1:53:4237,TGGGGGGGCGGTGGAGCCCGGGGCCGGCCTGGTGTCCGGTGCCGAGGTGACACCGTGGGCTGCGGGCGCGGTGGAGCCCGGGGCGGGCCTGGTGTCCGGGGCCGAGGTGACACCGTGGGC,53,4237,0.012508850601840924,High_Precision,85.43,53.00,95.84,1,453,4501,475,10.55
LB26-0111wdh-ready_downsampled_50pct,POS,50,E-M,67,C,CG,1:65:5378,TGGGGGGGCGGTGGAGCCCGGGGCCGGCCTGGTGTCCGGTGCCGAGGTGACACCGTGGGCTGCGGGCGCGGTGGAGCCCGGGGCGGGCCTGGTGTCCGGGGCCGAGGTGACACCGTGGGC,65,5378,0.012086277426552623,High_Precision,105.65,67.00,120.91,1,575,4501,404,8.98
LB26-0111wdh-ready_downsampled_60pct,POS,60,E-M,67,C,CG,1:77:6360,TGGGGGGGCGGTGGAGCCCGGGGCCGGCCTGGTGTCCGGTGCCGAGGTGACACCGTGGGCTGCGGGCGCGGTGGAGCCCGGGGCGGGCCTGGTGTCCGGGGCCGAGGTGACACCGTGGGC,77,6360,0.012106918238993711,High_Precision,126.78,83.00,143.18,1,699,4501,404,8.98
LB26-0111wdh-ready_downsampled_70pct,POS,70,D-J,67,G,GG,1:83:7603,TGCGGGCGCGGTGGAGCCCGGGGCCGGCCTGCTCTCCGGTGCCGAGGTGACACCGTGGGCTGGGGGGGCGGTGGAGCCCGGGGCGGGCCTGGTGTCCGGGGCCGAGGTGACACCGTGGGC,83,7603,0.010916743390766802,High_Precision,148.20,101.00,165.22,1,808,4501,395,8.78
LB26-0111wdh-ready_downsampled_80pct,POS,80,D-J,67,G,GG,1:115:8556,TGCGGGCGCGGTGGAGCCCGGGGCCGGCCTGCTCTCCGGTGCCGAGGTGACACCGTGGGCTGGGGGGGCGGTGGAGCCCGGGGCGGGCCTGGTGTCCGGGGCCGAGGTGACACCGTGGGC,115,8556,0.013440860215053764,High_Precision*,165.64,114.00,187.62,1,920,4501,338,7.51
LB26-0111wdh-ready_downsampled_90pct,POS,90,D-J,67,G,GG,1:128:9614,TGCGGGCGCGGTGGAGCCCGGGGCCGGCCTGCTCTCCGGTGCCGAGGTGACACCGTGGGCTGGGGGGGCGGTGGAGCCCGGGGCGGGCCTGGTGTCCGGGGCCGAGGTGACACCGTGGGC,128,9614,0.013313917204077387,High_Precision*,185.01,123.00,211.33,1,1023,4501,338,7.51
LB26-0112wdh-ready_downsampled_10pct,POS,10,K-S,67,G,GG,1:26:630,TGCGGGGGCGGTGGAGCCCGGGGCCGGCCTGCTCTCCGGGGCTGAGGTGACACCGTGGGCTGGGGGGGCGGTGGAGCCCAGGGCCGGCCTGCTCTCCGGGGCCGAGGTGACACCGTGGGC,26,630,0.04126984126984127,High_Precision,16.87,10.00,20.35,1,102,4501,746,16.57
LB26-0112wdh-ready_downsampled_20pct,POS,20,P-S,67,G,GG,1:38:873,TGCGGGGGCGGTGGAGCCCGGGGCCGGCCTGCTCTCCGGGGCTGAGGTGACACCGTGGGCTGGGGGGGCGGTGGAGCCCGGGGCTGGCCTGGTGTCCGGGGCCGAGGTGACACCGTGGGC,38,873,0.043528064146620846,High_Precision,33.15,21.00,38.06,1,194,4501,619,13.75
LB26-0112wdh-ready_downsampled_30pct,POS,30,D-L,67,G,GG,1:70:2583,TGGGGCGGCGGTGGAGCCCGGGGCCGGCCTGGTGTCCGGGGCTGAGGTGACACCGTGGGCTGGGGGGGCGGTGGAGCCCGGGGCGGGCCTGGTGTCCGGGGCCGAGGTGACACCGTGGGC,70,2583,0.02710027100271003,High_Precision,51.16,32.00,59.61,1,290,4501,471,10.46
LB26-0112wdh-ready_downsampled_40pct,POS,40,C-L,67,G,GG,1:66:3469,TGGGGCGGCGGTGGAGCCCGGGGCCGGCCTGGTGTCCGGGGCTGAGGTGACACCGTGGGCTTGGGGGGCGGTGGAGCCCGGGGCCGGCCTGGTGTCCGGGGCCGAGGTGACACCGTGGGC,66,3469,0.01902565580859037,High_Precision,68.20,42.00,81.69,1,387,4501,438,9.73
LB26-0112wdh-ready_downsampled_50pct,POS,50,W-M,67,G,GG,1:46:3237,TGGGGGGGCGGTGGAGCCCGGGGCCGGCCTGGTGTCCGGTGCCGAGGTGACACCGTGGGCCGGGGGGGCGGTGGAGCCCGGGGCCGGCCTGGTGTCCGGGGCCGAGGTGACACCGTGGGC,46,3237,0.01421068890948409,High_Precision,84.52,54.00,99.19,1,485,4501,438,9.73
LB26-0112wdh-ready_downsampled_60pct,POS,60,W-M,67,G,GG,1:54:3858,TGGGGGGGCGGTGGAGCCCGGGGCCGGCCTGGTGTCCGGTGCCGAGGTGACACCGTGGGCCGGGGGGGCGGTGGAGCCCGGGGCCGGCCTGGTGTCCGGGGCCGAGGTGACACCGTGGGC,54,3858,0.013996889580093312,High_Precision,101.15,62.00,120.98,1,567,4501,393,8.73
LB26-0112wdh-ready_downsampled_70pct,POS,70,W-M,67,G,GG,1:66:4657,TGGGGGGGCGGTGGAGCCCGGGGCCGGCCTGGTGTCCGGTGCCGAGGTGACACCGTGGGCCGGGGGGGCGGTGGAGCCCGGGGCCGGCCTGGTGTCCGGGGCCGAGGTGACACCGTGGGC,66,4657,0.014172213871591153,High_Precision,117.69,72.00,140.96,1,655,4501,388,8.62
LB26-0112wdh-ready_downsampled_80pct,POS,80,C-L,67,G,GG,1:129:6804,TGGGGCGGCGGTGGAGCCCGGGGCCGGCCTGGTGTCCGGGGCTGAGGTGACACCGTGGGCTTGGGGGGCGGTGGAGCCCGGGGCCGGCCTGGTGTCCGGGGCCGAGGTGACACCGTGGGC,129,6804,0.01895943562610229,High_Precision*,133.98,83.00,160.92,1,736,4501,336,7.47
LB26-0112wdh-ready_downsampled_90pct,POS,90,C-L,67,G,GG,1:150:7634,TGGGGCGGCGGTGGAGCCCGGGGCCGGCCTGGTGTCCGGGGCTGAGGTGACACCGTGGGCTTGGGGGGCGGTGGAGCCCGGGGCCGGCCTGGTGTCCGGGGCCGAGGTGACACCGTGGGC,150,7634,0.019648938957296306,High_Precision*,150.13,95.00,182.20,1,812,4501,336,7.47
LB26-0113wdh-ready_downsampled_10pct,POS,10,5-E,27,G,GGGAGCCCGGGGCCGGC,1:5:276,TGCGGGCGCGGTGGAGCCCGGGGCGGGCCTGGTGTCCGGGGCCGAGGTGACACCGTGGGCTGGGGGGGCGGTGGAGCCCGGGGCTGGCTTGTTGTCCGGGGCTGAGGTGACATCGTGGGC,5,276,0.018115942028985508,Low_Precision,33.71,18.00,39.77,1,160,4501,694,15.42
LB26-0113wdh-ready_downsampled_20pct,POS,20,K-S,87,G,GGGAGCCCGGGGCCGGC,1:61:2527,TGCGGGGGCGGTGGAGCCCGGGGCCGGCCTGCTCTCCGGGGCTGAGGTGACACCGTGGGCTGGGGGGGCGGTGGAGCCCAGGGCCGGCCTGCTCTCCGGGGCCGAGGTGACACCGTGGGC,61,2527,0.024139295607439652,High_Precision,62.65,29.00,82.63,1,356,4501,531,11.80
LB26-0113wdh-ready_downsampled_30pct,POS,30,A-L,87,G,GGGAGCCCGGGGCCGGC,1:133:6949,TGGGGCGGCGGTGGAGCCCGGGGCCGGCCTGGTGTCCGGGGCTGAGGTGACACCGTGGGCTGCGGGCGCGGTGGAGCCCGGGGCCGGCCTGCTCTCCGGGGCCGAGGTGACACCGTGGGC,133,6949,0.019139444524392,High_Precision*,92.82,45.00,124.51,1,531,4501,466,10.35
LB26-0113wdh-ready_downsampled_40pct,POS,40,K-S,87,G,GGGAGCCCGGGGCCGGC,1:115:5034,TGCGGGGGCGGTGGAGCCCGGGGCCGGCCTGCTCTCCGGGGCTGAGGTGACACCGTGGGCTGGGGGGGCGGTGGAGCCCAGGGCCGGCCTGCTCTCCGGGGCCGAGGTGACACCGTGGGC,115,5034,0.02284465633690902,High_Precision*,121.19,62.00,161.87,1,711,4501,453,10.06
LB26-0113wdh-ready_downsampled_50pct,POS,50,K-S,87,G,GGGAGCCCGGGGCCGGC,1:204:6291,TGCGGGGGCGGTGGAGCCCGGGGCCGGCCTGCTCTCCGGGGCTGAGGTGACACCGTGGGCTGGGGGGGCGGTGGAGCCCAGGGCCGGCCTGCTCTCCGGGGCCGAGGTGACACCGTGGGC,204,6291,0.03242727706247019,High_Precision*,149.91,76.00,201.21,1,882,4501,421,9.35
LB26-0113wdh-ready_downsampled_60pct,POS,60,K-S,87,G,GGGAGCCCGGGGCCGGC,1:106:7424,TGCGGGGGCGGTGGAGCCCGGGGCCGGCCTGCTCTCCGGGGCTGAGGTGACACCGTGGGCTGGGGGGGCGGTGGAGCCCAGGGCCGGCCTGCTCTCCGGGGCCGAGGTGACACCGTGGGC,106,7424,0.014278017241379311,High_Precision*,180.81,94.00,241.05,1,1067,4501,407,9.04
LB26-0113wdh-ready_downsampled_70pct,POS,70,K-S,87,G,GGGAGCCCGGGGCCGGC,1:182:8753,TGCGGGGGCGGTGGAGCCCGGGGCCGGCCTGCTCTCCGGGGCTGAGGTGACACCGTGGGCTGGGGGGGCGGTGGAGCCCAGGGCCGGCCTGCTCTCCGGGGCCGAGGTGACACCGTGGGC,182,8753,0.020792871015651776,High_Precision*,209.84,106.00,283.60,1,1241,4501,386,8.58
LB26-0113wdh-ready_downsampled_80pct,POS,80,K-S,87,G,GGGAGCCCGGGGCCGGC,1:224:10124,TGCGGGGGCGGTGGAGCCCGGGGCCGGCCTGCTCTCCGGGGCTGAGGTGACACCGTGGGCTGGGGGGGCGGTGGAGCCCAGGGCCGGCCTGCTCTCCGGGGCCGAGGTGACACCGTGGGC,224,10124,0.022125642038719872,High_Precision*,242.21,119.00,327.58,1,1428,4501,379,8.42
LB26-0113wdh-ready_downsampled_90pct,POS,90,K-S,87,G,GGGAGCCCGGGGCCGGC,1:180:11324,TGCGGGGGCGGTGGAGCCCGGGGCCGGCCTGCTCTCCGGGGCTGAGGTGACACCGTGGGCTGGGGGGGCGGTGGAGCCCAGGGCCGGCCTGCTCTCCGGGGCCGAGGTGACACCGTGGGC,180,11324,0.015895443306252206,High_Precision*,269.89,135.00,364.99,1,1624,4501,345,7.66
LB26-0114wdh-ready_downsampled_10pct,POS,10,C-L,67,G,GG,1:41:1731,TGGGGCGGCGGTGGAGCCCGGGGCCGGCCTGGTGTCCGGGGCTGAGGTGACACCGTGGGCTTGGGGGGCGGTGGAGCCCGGGGCCGGCCTGGTGTCCGGGGCCGAGGTGACACCGTGGGC,41,1731,0.02368573079145003,High_Precision,34.96,18.00,41.42,1,177,4501,622,13.82
LB26-0114wdh-ready_downsampled_20pct,POS,20,C-L,67,G,GG,1:49:3558,TGGGGCGGCGGTGGAGCCCGGGGCCGGCCTGGTGTCCGGGGCTGAGGTGACACCGTGGGCTTGGGGGGCGGTGGAGCCCGGGGCCGGCCTGGTGTCCGGGGCCGAGGTGACACCGTGGGC,49,3558,0.013771781899943788,High_Precision,69.28,37.00,86.39,1,357,4501,454,10.09
LB26-0114wdh-ready_downsampled_30pct,POS,30,D-J,67,G,GG,1:85:5201,TGCGGGCGCGGTGGAGCCCGGGGCCGGCCTGCTCTCCGGTGCCGAGGTGACACCGTGGGCTGGGGGGGCGGTGGAGCCCGGGGCGGGCCTGGTGTCCGGGGCCGAGGTGACACCGTGGGC,85,5201,0.01634301095943088,High_Precision,100.95,54.00,127.96,1,549,4501,421,9.35
LB26-0114wdh-ready_downsampled_40pct,POS,40,D-J,67,G,GG,1:111:7082,TGCGGGCGCGGTGGAGCCCGGGGCCGGCCTGCTCTCCGGTGCCGAGGTGACACCGTGGGCTGGGGGGGCGGTGGAGCCCGGGGCGGGCCTGGTGTCCGGGGCCGAGGTGACACCGTGGGC,111,7082,0.015673538548432647,High_Precision*,131.53,71.00,168.64,1,733,4501,399,8.86
LB26-0114wdh-ready_downsampled_50pct,POS,50,E-M,67,C,CG,1:102:9933,TGGGGGGGCGGTGGAGCCCGGGGCCGGCCTGGTGTCCGGTGCCGAGGTGACACCGTGGGCTGCGGGCGCGGTGGAGCCCGGGGCGGGCCTGGTGTCCGGGGCCGAGGTGACACCGTGGGC,102,9933,0.010268800966475386,High_Precision*,165.16,87.00,213.77,1,928,4501,386,8.58
LB26-0114wdh-ready_downsampled_60pct,POS,60,E-M,67,C,CG,1:120:11896,TGGGGGGGCGGTGGAGCCCGGGGCCGGCCTGGTGTCCGGTGCCGAGGTGACACCGTGGGCTGCGGGCGCGGTGGAGCCCGGGGCGGGCCTGGTGTCCGGGGCCGAGGTGACACCGTGGGC,120,11896,0.010087424344317418,High_Precision*,196.42,105.00,256.65,1,1132,4501,335,7.44
LB26-0114wdh-ready_downsampled_70pct,POS,70,E-M,67,C,CG,1:134:14064,TGGGGGGGCGGTGGAGCCCGGGGCCGGCCTGGTGTCCGGTGCCGAGGTGACACCGTGGGCTGCGGGCGCGGTGGAGCCCGGGGCGGGCCTGGTGTCCGGGGCCGAGGTGACACCGTGGGC,134,14064,0.009527872582480092,High_Precision*,230.41,124.00,304.59,1,1328,4501,298,6.62
LB26-0114wdh-ready_downsampled_80pct,POS,80,D-J,67,G,GG,1:218:14266,TGCGGGCGCGGTGGAGCCCGGGGCCGGCCTGCTCTCCGGTGCCGAGGTGACACCGTGGGCTGGGGGGGCGGTGGAGCCCGGGGCGGGCCTGGTGTCCGGGGCCGAGGTGACACCGTGGGC,218,14266,0.0152810879013038,High_Precision*,263.57,139.00,349.79,1,1508,4501,298,6.62
LB26-0114wdh-ready_downsampled_90pct,POS,90,E-M,67,C,CG,1:181:18075,TGGGGGGGCGGTGGAGCCCGGGGCCGGCCTGGTGTCCGGTGCCGAGGTGACACCGTGGGCTGCGGGCGCGGTGGAGCCCGGGGCGGGCCTGGTGTCCGGGGCCGAGGTGACACCGTGGGC,181,18075,0.010013831258644537,High_Precision*,293.04,154.00,388.26,1,1683,4501,298,6.62
LB26-0115wdh-ready_downsampled_10pct,NEG,10,None,None,None,None,None,None,None,None,None,None,23.64,18.00,20.91,1,91,4501,708,15.73
LB26-0115wdh-ready_downsampled_20pct,POS,20,D-B,67,G,GG,1:30:1561,TGGGGGGGCGGTGGAGCCCGGGGCCGGCCTGCTCTCCGGGGCCGAGGTGACACCGTGGGCTGGGGGGGCGGTGGAGCCCGGGGCGGGCCTGGTGTCCGGGGCCGAGGTGACACCGTGGGC,30,1561,0.019218449711723255,High_Precision,47.56,36.00,44.93,1,199,4501,565,12.55
LB26-0115wdh-ready_downsampled_30pct,POS,30,E-K,67,C,CG,1:62:2604,TGGGGGGGCGGTGGAGCCCAGGGCCGGCCTGCTCTCCGGGGCCGAGGTGACACCGTGGGCTGCGGGCGCGGTGGAGCCCGGGGCGGGCCTGGTGTCCGGGGCCGAGGTGACACCGTGGGC,62,2604,0.023809523809523808,High_Precision,69.48,51.00,67.00,1,294,4501,510,11.33
LB26-0115wdh-ready_downsampled_40pct,POS,40,C-L,67,G,GG,1:93:4123,TGGGGCGGCGGTGGAGCCCGGGGCCGGCCTGGTGTCCGGGGCTGAGGTGACACCGTGGGCTTGGGGGGCGGTGGAGCCCGGGGCCGGCCTGGTGTCCGGGGCCGAGGTGACACCGTGGGC,93,4123,0.022556390977443608,High_Precision,94.12,68.00,90.79,1,403,4501,485,10.78
LB26-0115wdh-ready_downsampled_50pct,POS,50,C-L,67,G,GG,1:123:5222,TGGGGCGGCGGTGGAGCCCGGGGCCGGCCTGGTGTCCGGGGCTGAGGTGACACCGTGGGCTTGGGGGGCGGTGGAGCCCGGGGCCGGCCTGGTGTCCGGGGCCGAGGTGACACCGTGGGC,123,5222,0.023554193795480658,High_Precision*,117.80,88.00,112.54,1,499,4501,483,10.73
LB26-0115wdh-ready_downsampled_60pct,POS,60,D-6p,67,G,GG,1:124:5082,CGGGGCCGGGGTGGAGCCCGGGGCCGGCCTGGTGTCCGGGGCCGAGGTGACACCGTGGGCTGGGGGGGCGGTGGAGCCCGGGGCGGGCCTGGTGTCCGGGGCCGAGGTGACACCGTGGGC,124,5082,0.024399842581660763,High_Precision*,140.72,105.00,135.76,1,591,4501,450,10.00
LB26-0115wdh-ready_downsampled_70pct,POS,70,B-J,67,G,GG,1:250:10180,TGCGGGCGCGGTGGAGCCCGGGGCCGGCCTGCTCTCCGGTGCCGAGGTGACACCGTGGGCTGGGGGGGCGGTGGAGCCCGGGGCCGGCCTGCTCTCCGGGGCCGAGGTGACACCGTGGGC,250,10180,0.02455795677799607,High_Precision*,162.46,118.00,157.89,1,688,4501,433,9.62
LB26-0115wdh-ready_downsampled_80pct,POS,80,C-L,67,G,GG,1:244:8388,TGGGGCGGCGGTGGAGCCCGGGGCCGGCCTGGTGTCCGGGGCTGAGGTGACACCGTGGGCTTGGGGGGCGGTGGAGCCCGGGGCCGGCCTGGTGTCCGGGGCCGAGGTGACACCGTGGGC,244,8388,0.029089175011921792,High_Precision*,183.43,136.00,178.68,1,766,4501,407,9.04
LB26-0115wdh-ready_downsampled_90pct,POS,90,E-S,67,C,CG,1:277:10030,TGCGGGGGCGGTGGAGCCCGGGGCCGGCCTGCTCTCCGGGGCTGAGGTGACACCGTGGGCTGCGGGCGCGGTGGAGCCCGGGGCGGGCCTGGTGTCCGGGGCCGAGGTGACACCGTGGGC,277,10030,0.02761714855433699,High_Precision*,202.66,148.00,198.66,1,867,4501,380,8.44
LB26-0116wdh-ready_downsampled_10pct,NEG,10,None,None,None,None,None,None,None,None,None,None,22.33,11.00,26.33,1,110,4501,706,15.69
LB26-0116wdh-ready_downsampled_20pct,POS,20,C-L,67,G,GG,1:67:2375,TGGGGCGGCGGTGGAGCCCGGGGCCGGCCTGGTGTCCGGGGCTGAGGTGACACCGTGGGCTTGGGGGGCGGTGGAGCCCGGGGCCGGCCTGGTGTCCGGGGCCGAGGTGACACCGTGGGC,67,2375,0.028210526315789474,High_Precision,47.48,29.00,55.28,1,246,4501,514,11.42
LB26-0116wdh-ready_downsampled_30pct,POS,30,C-L,67,G,GG,1:75:3657,TGGGGCGGCGGTGGAGCCCGGGGCCGGCCTGGTGTCCGGGGCTGAGGTGACACCGTGGGCTTGGGGGGCGGTGGAGCCCGGGGCCGGCCTGGTGTCCGGGGCCGAGGTGACACCGTGGGC,75,3657,0.020508613617719443,High_Precision,73.11,44.00,84.20,1,373,4501,506,11.24
LB26-0116wdh-ready_downsampled_40pct,POS,40,C-L,67,G,GG,1:111:4875,TGGGGCGGCGGTGGAGCCCGGGGCCGGCCTGGTGTCCGGGGCTGAGGTGACACCGTGGGCTTGGGGGGCGGTGGAGCCCGGGGCCGGCCTGGTGTCCGGGGCCGAGGTGACACCGTGGGC,111,4875,0.02276923076923077,High_Precision*,94.42,54.00,112.96,1,508,4501,450,10.00
LB26-0116wdh-ready_downsampled_50pct,POS,50,C-L,67,G,GG,1:132:6169,TGGGGCGGCGGTGGAGCCCGGGGCCGGCCTGGTGTCCGGGGCTGAGGTGACACCGTGGGCTTGGGGGGCGGTGGAGCCCGGGGCCGGCCTGGTGTCCGGGGCCGAGGTGACACCGTGGGC,132,6169,0.021397309126276545,High_Precision*,115.33,65.00,143.23,1,658,4501,336,7.47
LB26-0116wdh-ready_downsampled_60pct,POS,60,C-L,67,G,GG,1:153:7237,TGGGGCGGCGGTGGAGCCCGGGGCCGGCCTGGTGTCCGGGGCTGAGGTGACACCGTGGGCTTGGGGGGCGGTGGAGCCCGGGGCCGGCCTGGTGTCCGGGGCCGAGGTGACACCGTGGGC,153,7237,0.02114135691584911,High_Precision*,136.76,79.00,169.22,1,759,4501,308,6.84
LB26-0116wdh-ready_downsampled_70pct,POS,70,C-L,67,G,GG,1:228:8546,TGGGGCGGCGGTGGAGCCCGGGGCCGGCCTGGTGTCCGGGGCTGAGGTGACACCGTGGGCTTGGGGGGCGGTGGAGCCCGGGGCCGGCCTGGTGTCCGGGGCCGAGGTGACACCGTGGGC,228,8546,0.026679148139480458,High_Precision*,157.69,89.00,197.39,1,894,4501,282,6.27
LB26-0116wdh-ready_downsampled_80pct,POS,80,C-L,67,G,GG,1:268:9943,TGGGGCGGCGGTGGAGCCCGGGGCCGGCCTGGTGTCCGGGGCTGAGGTGACACCGTGGGCTTGGGGGGCGGTGGAGCCCGGGGCCGGCCTGGTGTCCGGGGCCGAGGTGACACCGTGGGC,268,9943,0.02695363572362466,High_Precision*,180.73,102.00,227.20,1,1033,4501,282,6.27
LB26-0116wdh-ready_downsampled_90pct,POS,90,C-L,67,G,GG,1:308:11158,TGGGGCGGCGGTGGAGCCCGGGGCCGGCCTGGTGTCCGGGGCTGAGGTGACACCGTGGGCTTGGGGGGCGGTGGAGCCCGGGGCCGGCCTGGTGTCCGGGGCCGAGGTGACACCGTGGGC,308,11158,0.027603513174404015,High_Precision*,203.19,118.00,255.24,1,1158,4501,282,6.27
LB26-0117wdh-ready_downsampled_10pct,POS,10,5C-S,60,C,CG,1:30:743,TGCGGGGGCGGTGGAGCCCGGGGCCGGCCTGCTCTCCGGGGCTGAGGTGACACCGTGGGCTTGGGGGGCGGTGGAGCCCGGGGCCGGCCTGGTGTCCGGGGCTGAGGTGACATCGTGGGC,30,743,0.040376850605652756,High_Precision,17.07,14.00,13.71,0,53,4501,966,21.46
LB26-0117wdh-ready_downsampled_20pct,POS,20,D-J,61,T,TT,1:64:1473,TGCGGGCGCGGTGGAGCCCGGGGCCGGCCTGCTCTCCGGTGCCGAGGTGACACCGTGGGCTGGGGGGGCGGTGGAGCCCGGGGCGGGCCTGGTGTCCGGGGCCGAGGTGACACCGTGGGC,64,1473,0.04344874405974202,High_Precision,33.72,26.00,29.35,1,113,4501,680,15.11
LB26-0117wdh-ready_downsampled_30pct,POS,30,F-B,67,G,GG,1:37:1131,TGGGGGGGCGGTGGAGCCCGGGGCCGGCCTGCTCTCCGGGGCCGAGGTGACACCGTGGGCTGTGGGGGCGGTGGAGCCCGGGGCCGGCCTGGTGTCCGGGGCCGAGGTGACACCGTGGGC,37,1131,0.032714412024756855,High_Precision,49.61,40.00,44.02,1,174,4501,593,13.17
LB26-0117wdh-ready_downsampled_40pct,POS,40,F-B,67,G,GG,1:47:1484,TGGGGGGGCGGTGGAGCCCGGGGCCGGCCTGCTCTCCGGGGCCGAGGTGACACCGTGGGCTGTGGGGGCGGTGGAGCCCGGGGCCGGCCTGGTGTCCGGGGCCGAGGTGACACCGTGGGC,47,1484,0.03167115902964959,High_Precision,64.24,51.00,58.38,1,228,4501,534,11.86
LB26-0117wdh-ready_downsampled_50pct,POS,50,H-L,61,T,TT,1:100:3569,TGGGGCGGCGGTGGAGCCCGGGGCCGGCCTGGTGTCCGGGGCTGAGGTGACACCGTGGGCTGGGGCGGCGGTGGAGCCCGGGGCCGGCCTGGTGTCCGGGGCCGAGGTGACACCGTGGGC,100,3569,0.028019052956010086,High_Precision*,80.93,62.00,73.61,1,283,4501,534,11.86
LB26-0117wdh-ready_downsampled_60pct,POS,60,D-L,61,T,TT,1:224:4673,TGGGGCGGCGGTGGAGCCCGGGGCCGGCCTGGTGTCCGGGGCTGAGGTGACACCGTGGGCTGGGGGGGCGGTGGAGCCCGGGGCGGGCCTGGTGTCCGGGGCCGAGGTGACACCGTGGGC,224,4673,0.04793494543120051,High_Precision*,97.52,77.00,89.09,1,349,4501,492,10.93
LB26-0117wdh-ready_downsampled_70pct,POS,70,G-J,67,C,CG,1:137:5126,TGCGGGCGCGGTGGAGCCCGGGGCCGGCCTGCTCTCCGGTGCCGAGGTGACACCGTGGGCTGCGGGCGCGGTGGAGCCCGGGGCCGGCCTGGTGTCCGGGGCCGAGGTGACACCGTGGGC,137,5126,0.026726492391728442,High_Precision*,111.42,87.00,103.00,1,409,4501,477,10.60
LB26-0117wdh-ready_downsampled_80pct,POS,80,O-J,61,T,TT,1:340:6159,TGCGGGCGCGGTGGAGCCCGGGGCCGGCCTGCTCTCCGGTGCCGAGGTGACACCGTGGGCTGGGGGGGCGGTGGAGCCTGGGGCCGGCCTGGTGTCCGGGGCCGAGGTGACACCGTGGGC,340,6159,0.05520376684526709,High_Precision*,128.73,99.00,120.01,1,471,4501,453,10.06
LB26-0117wdh-ready_downsampled_90pct,POS,90,O-J,61,T,TT,1:368:6925,TGCGGGCGCGGTGGAGCCCGGGGCCGGCCTGCTCTCCGGTGCCGAGGTGACACCGTGGGCTGGGGGGGCGGTGGAGCCTGGGGCCGGCCTGGTGTCCGGGGCCGAGGTGACACCGTGGGC,368,6925,0.05314079422382671,High_Precision*,144.08,111.00,134.90,1,537,4501,443,9.84
LB26-0119wdh-ready_downsampled_10pct,NEG,10,None,None,None,None,None,None,None,None,None,None,20.19,13.00,21.64,1,108,4501,847,18.82
LB26-0119wdh-ready_downsampled_20pct,POS,20,D-Q,67,G,GG,1:28:1316,TGGGGGGGCGGTGGAGCCCGGGGCCGGCCTGGTGTCCGGGGCCGAGGTGACACTGTGGGCTGGGGGGGCGGTGGAGCCCGGGGCGGGCCTGGTGTCCGGGGCCGAGGTGACACCGTGGGC,28,1316,0.02127659574468085,High_Precision,35.69,23.00,40.33,1,201,4501,529,11.75
LB26-0119wdh-ready_downsampled_30pct,POS,30,E-Q,67,C,CG,1:46:2016,TGGGGGGGCGGTGGAGCCCGGGGCCGGCCTGGTGTCCGGGGCCGAGGTGACACTGTGGGCTGCGGGCGCGGTGGAGCCCGGGGCGGGCCTGGTGTCCGGGGCCGAGGTGACACCGTGGGC,46,2016,0.022817460317460316,High_Precision,52.52,34.00,61.26,1,308,4501,469,10.42
LB26-0119wdh-ready_downsampled_40pct,POS,40,D-Q,67,G,GG,1:70:2662,TGGGGGGGCGGTGGAGCCCGGGGCCGGCCTGGTGTCCGGGGCCGAGGTGACACTGTGGGCTGGGGGGGCGGTGGAGCCCGGGGCGGGCCTGGTGTCCGGGGCCGAGGTGACACCGTGGGC,70,2662,0.02629601803155522,High_Precision,69.17,44.00,81.32,1,410,4501,425,9.44
LB26-0119wdh-ready_downsampled_50pct,POS,50,E-Q,67,C,CG,1:84:3311,TGGGGGGGCGGTGGAGCCCGGGGCCGGCCTGGTGTCCGGGGCCGAGGTGACACTGTGGGCTGCGGGCGCGGTGGAGCCCGGGGCGGGCCTGGTGTCCGGGGCCGAGGTGACACCGTGGGC,84,3311,0.02536997885835095,High_Precision,86.23,56.50,101.41,1,492,4501,387,8.60
LB26-0119wdh-ready_downsampled_60pct,POS,60,C-L,67,G,GG,1:140:5380,TGGGGCGGCGGTGGAGCCCGGGGCCGGCCTGGTGTCCGGGGCTGAGGTGACACCGTGGGCTTGGGGGGCGGTGGAGCCCGGGGCCGGCCTGGTGTCCGGGGCCGAGGTGACACCGTGGGC,140,5380,0.026022304832713755,High_Precision*,103.52,67.00,122.76,1,591,4501,387,8.60
LB26-0119wdh-ready_downsampled_70pct,POS,70,E-Q,67,C,CG,1:118:4593,TGGGGGGGCGGTGGAGCCCGGGGCCGGCCTGGTGTCCGGGGCCGAGGTGACACTGTGGGCTGCGGGCGCGGTGGAGCCCGGGGCGGGCCTGGTGTCCGGGGCCGAGGTGACACCGTGGGC,118,4593,0.025691269322882647,High_Precision*,119.09,77.00,141.02,1,681,4501,365,8.11
LB26-0119wdh-ready_downsampled_80pct,POS,80,D-J,67,G,GG,1:176:7119,TGCGGGCGCGGTGGAGCCCGGGGCCGGCCTGCTCTCCGGTGCCGAGGTGACACCGTGGGCTGGGGGGGCGGTGGAGCCCGGGGCGGGCCTGGTGTCCGGGGCCGAGGTGACACCGTGGGC,176,7119,0.024722573395139766,High_Precision*,135.56,86.00,160.26,1,769,4501,340,7.55
LB26-0119wdh-ready_downsampled_90pct,POS,90,D-L,67,G,GG,1:220:8079,TGGGGCGGCGGTGGAGCCCGGGGCCGGCCTGGTGTCCGGGGCTGAGGTGACACCGTGGGCTGGGGGGGCGGTGGAGCCCGGGGCGGGCCTGGTGTCCGGGGCCGAGGTGACACCGTGGGC,220,8079,0.02723109295704914,High_Precision*,152.47,96.00,180.62,1,869,4501,332,7.38
LB26-0120wdh-ready_downsampled_10pct,POS,10,M-6p,67,G,GG,1:75:746,CGGGGCCGGGGTGGAGCCCGGGGCCGGCCTGGTGTCCGGGGCCGAGGTGACACCGTGGGCTGGGGGGGCGGTGGAGCCCGGGGCCGGCCTGGTGTCCGGTGCCGAGGTGACACCGTGGGC,75,746,0.10053619302949061,High_Precision,17.97,15.00,14.97,0,67,4501,749,16.64
LB26-0120wdh-ready_downsampled_20pct,POS,20,D-B,67,G,GG,1:72:1160,TGGGGGGGCGGTGGAGCCCGGGGCCGGCCTGCTCTCCGGGGCCGAGGTGACACCGTGGGCTGGGGGGGCGGTGGAGCCCGGGGCGGGCCTGGTGTCCGGGGCCGAGGTGACACCGTGGGC,72,1160,0.06206896551724138,High_Precision,32.71,27.00,28.34,1,132,4501,572,12.71
LB26-0120wdh-ready_downsampled_30pct,POS,30,D-B,67,G,GG,1:72:1635,TGGGGGGGCGGTGGAGCCCGGGGCCGGCCTGCTCTCCGGGGCCGAGGTGACACCGTGGGCTGGGGGGGCGGTGGAGCCCGGGGCGGGCCTGGTGTCCGGGGCCGAGGTGACACCGTGGGC,72,1635,0.044036697247706424,High_Precision,47.48,39.00,41.67,1,183,4501,463,10.29
LB26-0120wdh-ready_downsampled_40pct,POS,40,C-Q,67,G,GG,1:102:2293,TGGGGGGGCGGTGGAGCCCGGGGCCGGCCTGGTGTCCGGGGCCGAGGTGACACTGTGGGCTTGGGGGGCGGTGGAGCCCGGGGCCGGCCTGGTGTCCGGGGCCGAGGTGACACCGTGGGC,102,2293,0.044483209768861755,High_Precision*,61.28,53.00,53.33,1,234,4501,448,9.95
LB26-0120wdh-ready_downsampled_50pct,POS,50,C-Q,67,G,GG,1:120:2821,TGGGGGGGCGGTGGAGCCCGGGGCCGGCCTGGTGTCCGGGGCCGAGGTGACACTGTGGGCTTGGGGGGCGGTGGAGCCCGGGGCCGGCCTGGTGTCCGGGGCCGAGGTGACACCGTGGGC,120,2821,0.042538107054236086,High_Precision*,75.97,66.00,65.74,1,295,4501,447,9.93
LB26-0120wdh-ready_downsampled_60pct,POS,60,C-Q,67,G,GG,1:135:3436,TGGGGGGGCGGTGGAGCCCGGGGCCGGCCTGGTGTCCGGGGCCGAGGTGACACTGTGGGCTTGGGGGGCGGTGGAGCCCGGGGCCGGCCTGGTGTCCGGGGCCGAGGTGACACCGTGGGC,135,3436,0.03928987194412107,High_Precision*,92.65,81.00,80.45,1,363,4501,447,9.93
LB26-0120wdh-ready_downsampled_70pct,POS,70,C-Q,67,G,GG,1:163:4064,TGGGGGGGCGGTGGAGCCCGGGGCCGGCCTGGTGTCCGGGGCCGAGGTGACACTGTGGGCTTGGGGGGCGGTGGAGCCCGGGGCCGGCCTGGTGTCCGGGGCCGAGGTGACACCGTGGGC,163,4064,0.04010826771653543,High_Precision*,107.52,93.00,95.86,1,419,4501,409,9.09
LB26-0120wdh-ready_downsampled_80pct,POS,80,C-Q,67,G,GG,1:208:4697,TGGGGGGGCGGTGGAGCCCGGGGCCGGCCTGGTGTCCGGGGCCGAGGTGACACTGTGGGCTTGGGGGGCGGTGGAGCCCGGGGCCGGCCTGGTGTCCGGGGCCGAGGTGACACCGTGGGC,208,4697,0.044283585267191825,High_Precision*,122.82,104.00,109.75,1,475,4501,395,8.78
LB26-0120wdh-ready_downsampled_90pct,POS,90,C-Q,67,G,GG,1:246:5366,TGGGGGGGCGGTGGAGCCCGGGGCCGGCCTGGTGTCCGGGGCCGAGGTGACACTGTGGGCTTGGGGGGCGGTGGAGCCCGGGGCCGGCCTGGTGTCCGGGGCCGAGGTGACACCGTGGGC,246,5366,0.04584420424897503,High_Precision*,139.92,118.00,126.27,1,543,4501,378,8.40
LB26-0122wdh-ready_downsampled_10pct,POS,10,N-Q,80,G,GAGCCCGG,1:29:1319,TGGGGGGGCGGTGGAGCCCGGGGCCGGCCTGGTGTCCGGGGCCGAGGTGACACTGTGGGCTGGGGGGGCGGTGGAGCCCGTGGCCGGCCTGCTCTCCGGGGCCGAGGTGACACCGTGGGC,29,1319,0.021986353297952996,High_Precision,32.76,13.00,47.86,1,223,4501,547,12.15
LB26-0122wdh-ready_downsampled_20pct,POS,20,A-6,80,G,GAGCCCGG,1:76:4075,CGGGGCCGGGGTGGAGCCCGGGGCCCGCCTGGTGTCCGGGGCCGAGGTGACACCGTGGGCTGCGGGCGCGGTGGAGCCCGGGGCCGGCCTGCTCTCCGGGGCCGAGGTGACACCGTGGGC,76,4075,0.018650306748466256,High_Precision,64.78,29.00,92.50,1,437,4501,491,10.91
LB26-0122wdh-ready_downsampled_30pct,POS,30,A-6,80,G,GAGCCCGG,1:100:6151,CGGGGCCGGGGTGGAGCCCGGGGCCCGCCTGGTGTCCGGGGCCGAGGTGACACCGTGGGCTGCGGGCGCGGTGGAGCCCGGGGCCGGCCTGCTCTCCGGGGCCGAGGTGACACCGTGGGC,100,6151,0.016257519102584946,High_Precision*,97.16,48.00,135.06,1,642,4501,435,9.66
LB26-0122wdh-ready_downsampled_40pct,POS,40,A-6,80,G,GAGCCCGG,1:176:8488,CGGGGCCGGGGTGGAGCCCGGGGCCCGCCTGGTGTCCGGGGCCGAGGTGACACCGTGGGCTGCGGGCGCGGTGGAGCCCGGGGCCGGCCTGCTCTCCGGGGCCGAGGTGACACCGTGGGC,176,8488,0.020735155513666354,High_Precision*,131.84,64.00,182.07,1,860,4501,432,9.60
LB26-0122wdh-ready_downsampled_50pct,POS,50,B-J,80,G,GAGCCCGG,1:201:12876,TGCGGGCGCGGTGGAGCCCGGGGCCGGCCTGCTCTCCGGTGCCGAGGTGACACCGTGGGCTGGGGGGGCGGTGGAGCCCGGGGCCGGCCTGCTCTCCGGGGCCGAGGTGACACCGTGGGC,201,12876,0.015610438024231128,High_Precision*,162.94,81.00,225.71,1,1057,4501,423,9.40
LB26-0122wdh-ready_downsampled_60pct,POS,60,A-J,80,G,GAGCCCGG,1:184:15605,TGCGGGCGCGGTGGAGCCCGGGGCCGGCCTGCTCTCCGGTGCCGAGGTGACACCGTGGGCTGCGGGCGCGGTGGAGCCCGGGGCCGGCCTGCTCTCCGGGGCCGAGGTGACACCGTGGGC,184,15605,0.011791092598526114,High_Precision*,191.05,94.00,266.18,1,1279,4501,375,8.33
LB26-0122wdh-ready_downsampled_70pct,POS,70,K-J,80,A,AAGCCCGG,1:155:17957,TGCGGGCGCGGTGGAGCCCGGGGCCGGCCTGCTCTCCGGTGCCGAGGTGACACCGTGGGCTGGGGGGGCGGTGGAGCCCAGGGCCGGCCTGCTCTCCGGGGCCGAGGTGACACCGTGGGC,155,17957,0.008631731358244696,High_Precision*,219.67,109.00,305.22,1,1457,4501,325,7.22
LB26-0122wdh-ready_downsampled_80pct,POS,80,O-S,80,G,GAGCCCGG,1:67:6950,TGCGGGGGCGGTGGAGCCCGGGGCCGGCCTGCTCTCCGGGGCTGAGGTGACACCGTGGGCTGGGGGGGCGGTGGAGCCTGGGGCCGGCCTGGTGTCCGGGGCCGAGGTGACACCGTGGGC,67,6950,0.009640287769784173,High_Precision,251.76,126.00,349.87,1,1667,4501,322,7.15
LB26-0122wdh-ready_downsampled_90pct,POS,90,A-J,80,G,GAGCCCGG,1:278:22970,TGCGGGCGCGGTGGAGCCCGGGGCCGGCCTGCTCTCCGGTGCCGAGGTGACACCGTGGGCTGCGGGCGCGGTGGAGCCCGGGGCCGGCCTGCTCTCCGGGGCCGAGGTGACACCGTGGGC,278,22970,0.012102742707879843,High_Precision*,283.79,144.00,395.45,1,1885,4501,322,7.15
