seed,mutation,hap1_length,hap2_length,hap1_chain,hap2_chain,mutation_repeat_position,mutation_repeat_type,mutated_allele_length,total_length,pair_id,condition,experiment
,normal,44,41,,,,,,85,pair_3000,normal,dupC
,dupC,44,41,,,24.0,X,41.0,85,pair_3000,mutated,dupC
,normal,52,88,,,,,,140,pair_3001,normal,dupC
,dupC,52,88,,,38.0,X,88.0,140,pair_3001,mutated,dupC
,normal,72,96,,,,,,168,pair_3002,normal,dupC
,dupC,72,96,,,76.0,X,96.0,168,pair_3002,mutated,dupC
,normal,44,25,,,,,,69,pair_3003,normal,dupC
,dupC,44,25,,,39.0,X,44.0,69,pair_3003,mutated,dupC
,normal,41,60,,,,,,101,pair_3004,normal,dupC
,dupC,41,60,,,9.0,X,60.0,101,pair_3004,mutated,dupC
,normal,53,76,,,,,,129,pair_3005,normal,dupC
,dupC,53,76,,,20.0,X,76.0,129,pair_3005,mutated,dupC
,normal,48,80,,,,,,128,pair_3006,normal,dupC
,dupC,48,80,,,69.0,X,80.0,128,pair_3006,mutated,dupC
,normal,46,36,,,,,,82,pair_3007,normal,dupC
,dupC,46,36,,,37.0,X,46.0,82,pair_3007,mutated,dupC
,normal,59,65,,,,,,124,pair_3008,normal,dupC
,dupC,59,65,,,27.0,X,65.0,124,pair_3008,mutated,dupC
,normal,35,65,,,,,,100,pair_3009,normal,dupC
,dupC,35,65,,,43.0,X,65.0,100,pair_3009,mutated,dupC
,normal,38,32,,,,,,70,pair_3010,normal,dupC
,dupC,38,32,,,9.0,X,32.0,70,pair_3010,mutated,dupC
,normal,60,98,,,,,,158,pair_3011,normal,dupC
,dupC,60,98,,,52.0,X,98.0,158,pair_3011,mutated,dupC
,normal,55,108,,,,,,163,pair_3012,normal,dupC
,dupC,55,108,,,90.0,X,108.0,163,pair_3012,mutated,dupC
,normal,39,69,,,,,,108,pair_3013,normal,dupC
,dupC,39,69,,,47.0,X,69.0,108,pair_3013,mutated,dupC
,normal,87,82,,,,,,169,pair_3014,normal,dupC
,dupC,87,82,,,66.0,X,82.0,169,pair_3014,mutated,dupC
,normal,53,99,,,,,,152,pair_3015,normal,dupC
,dupC,53,99,,,31.0,X,99.0,152,pair_3015,mutated,dupC
,normal,51,38,,,,,,89,pair_3016,normal,dupC
,dupC,51,38,,,10.0,X,51.0,89,pair_3016,mutated,dupC
,normal,55,52,,,,,,107,pair_3017,normal,dupC
,dupC,55,52,,,34.0,X,52.0,107,pair_3017,mutated,dupC
,normal,40,69,,,,,,109,pair_3018,normal,dupC
,dupC,40,69,,,60.0,X,69.0,109,pair_3018,mutated,dupC
,normal,31,98,,,,,,129,pair_3019,normal,dupC
,dupC,31,98,,,12.0,X,31.0,129,pair_3019,mutated,dupC
,normal,32,72,,,,,,104,pair_3020,normal,dupC
,dupC,32,72,,,65.0,X,72.0,104,pair_3020,mutated,dupC
,normal,23,62,,,,,,85,pair_3021,normal,dupC
,dupC,23,62,,,42.0,X,62.0,85,pair_3021,mutated,dupC
,normal,75,28,,,,,,103,pair_3022,normal,dupC
,dupC,75,28,,,16.0,X,75.0,103,pair_3022,mutated,dupC
,normal,34,46,,,,,,80,pair_3023,normal,dupC
,dupC,34,46,,,14.0,X,34.0,80,pair_3023,mutated,dupC
,normal,68,70,,,,,,138,pair_3024,normal,dupC
,dupC,68,70,,,15.0,X,70.0,138,pair_3024,mutated,dupC
,normal,112,77,,,,,,189,pair_3025,normal,dupC
,dupC,112,77,,,54.0,X,77.0,189,pair_3025,mutated,dupC
,normal,46,65,,,,,,111,pair_3026,normal,dupC
,dupC,46,65,,,8.0,X,46.0,111,pair_3026,mutated,dupC
,normal,79,105,,,,,,184,pair_3027,normal,dupC
,dupC,79,105,,,43.0,X,79.0,184,pair_3027,mutated,dupC
,normal,39,25,,,,,,64,pair_3028,normal,dupC
,dupC,39,25,,,30.0,X,39.0,64,pair_3028,mutated,dupC
,normal,57,75,,,,,,132,pair_3029,normal,dupC
,dupC,57,75,,,31.0,X,57.0,132,pair_3029,mutated,dupC
,normal,66,105,,,,,,171,pair_3030,normal,dupC
,dupC,66,105,,,10.0,X,105.0,171,pair_3030,mutated,dupC
,normal,40,38,,,,,,78,pair_3031,normal,dupC
,dupC,40,38,,,23.0,X,40.0,78,pair_3031,mutated,dupC
,normal,69,83,,,,,,152,pair_3032,normal,dupC
,dupC,69,83,,,27.0,X,83.0,152,pair_3032,mutated,dupC
,normal,71,25,,,,,,96,pair_3033,normal,dupC
,dupC,71,25,,,20.0,X,71.0,96,pair_3033,mutated,dupC
,normal,26,42,,,,,,68,pair_3034,normal,dupC
,dupC,26,42,,,7.0,X,26.0,68,pair_3034,mutated,dupC
,normal,37,55,,,,,,92,pair_3035,normal,dupC
,dupC,37,55,,,44.0,X,55.0,92,pair_3035,mutated,dupC
,normal,86,78,,,,,,164,pair_3036,normal,dupC
,dupC,86,78,,,40.0,X,78.0,164,pair_3036,mutated,dupC
,normal,51,51,,,,,,102,pair_3037,normal,dupC
,dupC,51,51,,,12.0,X,51.0,102,pair_3037,mutated,dupC
,normal,80,85,,,,,,165,pair_3038,normal,dupC
,dupC,80,85,,,55.0,X,80.0,165,pair_3038,mutated,dupC
,normal,122,78,,,,,,200,pair_3039,normal,dupC
,dupC,122,78,,,89.0,X,122.0,200,pair_3039,mutated,dupC
,normal,123,43,,,,,,166,pair_3040,normal,dupC
,dupC,123,43,,,44.0,X,123.0,166,pair_3040,mutated,dupC
,normal,66,61,,,,,,127,pair_3041,normal,dupC
,dupC,66,61,,,56.0,X,61.0,127,pair_3041,mutated,dupC
,normal,29,65,,,,,,94,pair_3042,normal,dupC
,dupC,29,65,,,60.0,X,65.0,94,pair_3042,mutated,dupC
,normal,38,45,,,,,,83,pair_3043,normal,dupC
,dupC,38,45,,,41.0,X,45.0,83,pair_3043,mutated,dupC
,normal,21,76,,,,,,97,pair_3044,normal,dupC
,dupC,21,76,,,40.0,X,76.0,97,pair_3044,mutated,dupC
,normal,58,77,,,,,,135,pair_3045,normal,dupC
,dupC,58,77,,,13.0,X,77.0,135,pair_3045,mutated,dupC
,normal,117,67,,,,,,184,pair_3046,normal,dupC
,dupC,117,67,,,73.0,X,117.0,184,pair_3046,mutated,dupC
,normal,29,101,,,,,,130,pair_3047,normal,dupC
,dupC,29,101,,,88.0,X,101.0,130,pair_3047,mutated,dupC
,normal,69,77,,,,,,146,pair_3048,normal,dupC
,dupC,69,77,,,13.0,X,69.0,146,pair_3048,mutated,dupC
,normal,22,71,,,,,,93,pair_3049,normal,dupC
,dupC,22,71,,,50.0,X,71.0,93,pair_3049,mutated,dupC
,normal,36,59,,,,,,95,pair_3050,normal,dupC
,dupC,36,59,,,47.0,X,59.0,95,pair_3050,mutated,dupC
,normal,80,36,,,,,,116,pair_3051,normal,dupC
,dupC,80,36,,,22.0,X,80.0,116,pair_3051,mutated,dupC
,normal,77,69,,,,,,146,pair_3052,normal,dupC
,dupC,77,69,,,26.0,X,69.0,146,pair_3052,mutated,dupC
,normal,29,66,,,,,,95,pair_3053,normal,dupC
,dupC,29,66,,,19.0,X,66.0,95,pair_3053,mutated,dupC
,normal,89,89,,,,,,178,pair_3054,normal,dupC
,dupC,89,89,,,37.0,X,89.0,178,pair_3054,mutated,dupC
,normal,35,26,,,,,,61,pair_3055,normal,dupC
,dupC,35,26,,,27.0,X,35.0,61,pair_3055,mutated,dupC
,normal,54,69,,,,,,123,pair_3056,normal,dupC
,dupC,54,69,,,7.0,X,69.0,123,pair_3056,mutated,dupC
,normal,35,41,,,,,,76,pair_3057,normal,dupC
,dupC,35,41,,,19.0,X,35.0,76,pair_3057,mutated,dupC
,normal,49,116,,,,,,165,pair_3058,normal,dupC
,dupC,49,116,,,84.0,X,116.0,165,pair_3058,mutated,dupC
,normal,96,71,,,,,,167,pair_3059,normal,dupC
,dupC,96,71,,,24.0,X,96.0,167,pair_3059,mutated,dupC
,normal,71,91,,,,,,162,pair_3060,normal,dupC
,dupC,71,91,,,28.0,X,71.0,162,pair_3060,mutated,dupC
,normal,70,93,,,,,,163,pair_3061,normal,dupC
,dupC,70,93,,,8.0,X,93.0,163,pair_3061,mutated,dupC
,normal,62,84,,,,,,146,pair_3062,normal,dupC
,dupC,62,84,,,42.0,X,84.0,146,pair_3062,mutated,dupC
,normal,52,109,,,,,,161,pair_3063,normal,dupC
,dupC,52,109,,,67.0,X,109.0,161,pair_3063,mutated,dupC
,normal,42,49,,,,,,91,pair_3064,normal,dupC
,dupC,42,49,,,26.0,X,42.0,91,pair_3064,mutated,dupC
,normal,24,83,,,,,,107,pair_3065,normal,dupC
,dupC,24,83,,,27.0,X,83.0,107,pair_3065,mutated,dupC
,normal,61,69,,,,,,130,pair_3066,normal,dupC
,dupC,61,69,,,12.0,X,69.0,130,pair_3066,mutated,dupC
,normal,86,93,,,,,,179,pair_3067,normal,dupC
,dupC,86,93,,,76.0,X,93.0,179,pair_3067,mutated,dupC
,normal,43,82,,,,,,125,pair_3068,normal,dupC
,dupC,43,82,,,71.0,X,82.0,125,pair_3068,mutated,dupC
,normal,70,84,,,,,,154,pair_3069,normal,dupC
,dupC,70,84,,,54.0,X,70.0,154,pair_3069,mutated,dupC
,normal,21,27,,,,,,48,pair_3070,normal,dupC
,dupC,21,27,,,23.0,X,27.0,48,pair_3070,mutated,dupC
,normal,95,62,,,,,,157,pair_3071,normal,dupC
,dupC,95,62,,,28.0,X,62.0,157,pair_3071,mutated,dupC
,normal,91,99,,,,,,190,pair_3072,normal,dupC
,dupC,91,99,,,45.0,X,91.0,190,pair_3072,mutated,dupC
,normal,76,92,,,,,,168,pair_3073,normal,dupC
,dupC,76,92,,,74.0,X,92.0,168,pair_3073,mutated,dupC
,normal,56,70,,,,,,126,pair_3074,normal,dupC
,dupC,56,70,,,29.0,X,56.0,126,pair_3074,mutated,dupC
,normal,25,32,,,,,,57,pair_3075,normal,dupC
,dupC,25,32,,,15.0,X,25.0,57,pair_3075,mutated,dupC
,normal,27,40,,,,,,67,pair_3076,normal,dupC
,dupC,27,40,,,10.0,X,40.0,67,pair_3076,mutated,dupC
,normal,47,83,,,,,,130,pair_3077,normal,dupC
,dupC,47,83,,,68.0,X,83.0,130,pair_3077,mutated,dupC
,normal,82,76,,,,,,158,pair_3078,normal,dupC
,dupC,82,76,,,40.0,X,76.0,158,pair_3078,mutated,dupC
,normal,38,58,,,,,,96,pair_3079,normal,dupC
,dupC,38,58,,,48.0,X,58.0,96,pair_3079,mutated,dupC
,normal,47,60,,,,,,107,pair_3080,normal,dupC
,dupC,47,60,,,40.0,X,60.0,107,pair_3080,mutated,dupC
,normal,114,75,,,,,,189,pair_3081,normal,dupC
,dupC,114,75,,,49.0,X,75.0,189,pair_3081,mutated,dupC
,normal,75,115,,,,,,190,pair_3082,normal,dupC
,dupC,75,115,,,36.0,X,75.0,190,pair_3082,mutated,dupC
,normal,60,26,,,,,,86,pair_3083,normal,dupC
,dupC,60,26,,,40.0,X,60.0,86,pair_3083,mutated,dupC
,normal,101,36,,,,,,137,pair_3084,normal,dupC
,dupC,101,36,,,16.0,X,36.0,137,pair_3084,mutated,dupC
,normal,74,60,,,,,,134,pair_3085,normal,dupC
,dupC,74,60,,,60.0,X,74.0,134,pair_3085,mutated,dupC
,normal,70,52,,,,,,122,pair_3086,normal,dupC
,dupC,70,52,,,8.0,X,70.0,122,pair_3086,mutated,dupC
,normal,68,58,,,,,,126,pair_3087,normal,dupC
,dupC,68,58,,,13.0,X,58.0,126,pair_3087,mutated,dupC
,normal,60,58,,,,,,118,pair_3088,normal,dupC
,dupC,60,58,,,23.0,X,58.0,118,pair_3088,mutated,dupC
,normal,68,73,,,,,,141,pair_3089,normal,dupC
,dupC,68,73,,,47.0,X,68.0,141,pair_3089,mutated,dupC
,normal,88,66,,,,,,154,pair_3090,normal,dupC
,dupC,88,66,,,78.0,X,88.0,154,pair_3090,mutated,dupC
,normal,94,99,,,,,,193,pair_3091,normal,dupC
,dupC,94,99,,,17.0,X,94.0,193,pair_3091,mutated,dupC
,normal,75,64,,,,,,139,pair_3092,normal,dupC
,dupC,75,64,,,34.0,X,64.0,139,pair_3092,mutated,dupC
,normal,22,35,,,,,,57,pair_3093,normal,dupC
,dupC,22,35,,,7.0,X,22.0,57,pair_3093,mutated,dupC
,normal,35,47,,,,,,82,pair_3094,normal,dupC
,dupC,35,47,,,7.0,X,35.0,82,pair_3094,mutated,dupC
,normal,56,97,,,,,,153,pair_3095,normal,dupC
,dupC,56,97,,,40.0,X,97.0,153,pair_3095,mutated,dupC
,normal,61,30,,,,,,91,pair_3096,normal,dupC
,dupC,61,30,,,18.0,X,61.0,91,pair_3096,mutated,dupC
,normal,38,51,,,,,,89,pair_3097,normal,dupC
,dupC,38,51,,,34.0,X,38.0,89,pair_3097,mutated,dupC
,normal,50,58,,,,,,108,pair_3098,normal,dupC
,dupC,50,58,,,17.0,X,50.0,108,pair_3098,mutated,dupC
,normal,85,80,,,,,,165,pair_3099,normal,dupC
,dupC,85,80,,,30.0,X,85.0,165,pair_3099,mutated,dupC
