seed,mutation,hap1_length,hap2_length,hap1_chain,hap2_chain,mutation_repeat_position,mutation_repeat_type,total_length,pair_id,condition,experiment
,normal,35,75,,,,,110,pair_4000,normal,atypical
,insG,35,75,,,10.0,X,110,pair_4000,mutated,atypical
,normal,47,67,,,,,114,pair_4001,normal,atypical
,insG,47,67,,,42.0,X,114,pair_4001,mutated,atypical
,normal,95,37,,,,,132,pair_4002,normal,atypical
,insG,95,37,,,13.0,X,132,pair_4002,mutated,atypical
,normal,80,56,,,,,136,pair_4003,normal,atypical
,insG,80,56,,,15.0,X,136,pair_4003,mutated,atypical
,normal,34,63,,,,,97,pair_4004,normal,atypical
,insG,34,63,,,51.0,X,97,pair_4004,mutated,atypical
,normal,100,39,,,,,139,pair_4005,normal,atypical
,insG,100,39,,,62.0,X,139,pair_4005,mutated,atypical
,normal,59,79,,,,,138,pair_4006,normal,atypical
,insG,59,79,,,34.0,X,138,pair_4006,mutated,atypical
,normal,65,73,,,,,138,pair_4007,normal,atypical
,insG,65,73,,,46.0,X,138,pair_4007,mutated,atypical
,normal,53,29,,,,,82,pair_4008,normal,atypical
,insG,53,29,,,19.0,X,82,pair_4008,mutated,atypical
,normal,59,60,,,,,119,pair_4009,normal,atypical
,insG,59,60,,,24.0,X,119,pair_4009,mutated,atypical
,normal,57,76,,,,,133,pair_4010,normal,atypical
,dupA,57,76,,,41.0,X,133,pair_4010,mutated,atypical
,normal,97,71,,,,,168,pair_4011,normal,atypical
,dupA,97,71,,,33.0,X,168,pair_4011,mutated,atypical
,normal,61,23,,,,,84,pair_4012,normal,atypical
,dupA,61,23,,,14.0,X,84,pair_4012,mutated,atypical
,normal,60,77,,,,,137,pair_4013,normal,atypical
,dupA,60,77,,,43.0,X,137,pair_4013,mutated,atypical
,normal,76,38,,,,,114,pair_4014,normal,atypical
,dupA,76,38,,,40.0,X,114,pair_4014,mutated,atypical
,normal,35,42,,,,,77,pair_4015,normal,atypical
,dupA,35,42,,,18.0,X,77,pair_4015,mutated,atypical
,normal,62,76,,,,,138,pair_4016,normal,atypical
,dupA,62,76,,,49.0,X,138,pair_4016,mutated,atypical
,normal,91,25,,,,,116,pair_4017,normal,atypical
,dupA,91,25,,,73.0,X,116,pair_4017,mutated,atypical
,normal,34,83,,,,,117,pair_4018,normal,atypical
,dupA,34,83,,,29.0,X,117,pair_4018,mutated,atypical
,normal,56,98,,,,,154,pair_4019,normal,atypical
,dupA,56,98,,,91.0,X,154,pair_4019,mutated,atypical
,normal,65,77,,,,,142,pair_4020,normal,atypical
,delinsAT,65,77,,,30.0,X,142,pair_4020,mutated,atypical
,normal,119,46,,,,,165,pair_4021,normal,atypical
,delinsAT,119,46,,,44.0,X,165,pair_4021,mutated,atypical
,normal,45,77,,,,,122,pair_4022,normal,atypical
,delinsAT,45,77,,,22.0,X,122,pair_4022,mutated,atypical
,normal,31,69,,,,,100,pair_4023,normal,atypical
,delinsAT,31,69,,,25.0,X,100,pair_4023,mutated,atypical
,normal,55,65,,,,,120,pair_4024,normal,atypical
,delinsAT,55,65,,,18.0,X,120,pair_4024,mutated,atypical
,normal,86,87,,,,,173,pair_4025,normal,atypical
,delinsAT,86,87,,,38.0,X,173,pair_4025,mutated,atypical
,normal,114,47,,,,,161,pair_4026,normal,atypical
,delinsAT,114,47,,,19.0,X,161,pair_4026,mutated,atypical
,normal,94,65,,,,,159,pair_4027,normal,atypical
,delinsAT,94,65,,,43.0,X,159,pair_4027,mutated,atypical
,normal,53,29,,,,,82,pair_4028,normal,atypical
,delinsAT,53,29,,,46.0,X,82,pair_4028,mutated,atypical
,normal,77,32,,,,,109,pair_4029,normal,atypical
,delinsAT,77,32,,,16.0,X,109,pair_4029,mutated,atypical
,normal,86,42,,,,,128,pair_4030,normal,atypical
,insCCCC,86,42,,,26.0,X,128,pair_4030,mutated,atypical
,normal,101,73,,,,,174,pair_4031,normal,atypical
,insCCCC,101,73,,,14.0,X,174,pair_4031,mutated,atypical
,normal,97,53,,,,,150,pair_4032,normal,atypical
,insCCCC,97,53,,,40.0,X,150,pair_4032,mutated,atypical
,normal,41,42,,,,,83,pair_4033,normal,atypical
,insCCCC,41,42,,,17.0,X,83,pair_4033,mutated,atypical
,normal,64,53,,,,,117,pair_4034,normal,atypical
,insCCCC,64,53,,,31.0,X,117,pair_4034,mutated,atypical
,normal,54,74,,,,,128,pair_4035,normal,atypical
,insCCCC,54,74,,,49.0,X,128,pair_4035,mutated,atypical
,normal,125,83,,,,,208,pair_4036,normal,atypical
,insCCCC,125,83,,,16.0,X,208,pair_4036,mutated,atypical
,normal,33,45,,,,,78,pair_4037,normal,atypical
,insCCCC,33,45,,,26.0,X,78,pair_4037,mutated,atypical
,normal,59,85,,,,,144,pair_4038,normal,atypical
,insCCCC,59,85,,,37.0,X,144,pair_4038,mutated,atypical
,normal,69,86,,,,,155,pair_4039,normal,atypical
,insCCCC,69,86,,,72.0,X,155,pair_4039,mutated,atypical
,normal,95,75,,,,,170,pair_4040,normal,atypical
,insC_pos23,95,75,,,66.0,E,170,pair_4040,mutated,atypical
,normal,39,32,,,,,71,pair_4041,normal,atypical
,insC_pos23,39,32,,,29.0,A,71,pair_4041,mutated,atypical
,normal,30,46,,,,,76,pair_4042,normal,atypical
,insC_pos23,30,46,,,18.0,E,76,pair_4042,mutated,atypical
,normal,25,78,,,,,103,pair_4043,normal,atypical
,insC_pos23,25,78,,,14.0,A,103,pair_4043,mutated,atypical
,normal,39,25,,,,,64,pair_4044,normal,atypical
,insC_pos23,39,25,,,13.0,A,64,pair_4044,mutated,atypical
,normal,38,52,,,,,90,pair_4045,normal,atypical
,insC_pos23,38,52,,,13.0,A,90,pair_4045,mutated,atypical
,normal,44,52,,,,,96,pair_4046,normal,atypical
,insC_pos23,44,52,,,47.0,A,96,pair_4046,mutated,atypical
,normal,71,60,,,,,131,pair_4047,normal,atypical
,insC_pos23,71,60,,,18.0,A,131,pair_4047,mutated,atypical
,normal,25,43,,,,,68,pair_4048,normal,atypical
,insC_pos23,25,43,,,17.0,A,68,pair_4048,mutated,atypical
,normal,94,37,,,,,131,pair_4049,normal,atypical
,insC_pos23,94,37,,,25.0,A,131,pair_4049,mutated,atypical
,normal,74,86,,,,,160,pair_4050,normal,atypical
,insG_pos58,74,86,,,30.0,X,160,pair_4050,mutated,atypical
,normal,35,56,,,,,91,pair_4051,normal,atypical
,insG_pos58,35,56,,,30.0,B,91,pair_4051,mutated,atypical
,normal,25,45,,,,,70,pair_4052,normal,atypical
,insG_pos58,25,45,,,7.0,X,70,pair_4052,mutated,atypical
,normal,88,67,,,,,155,pair_4053,normal,atypical
,insG_pos58,88,67,,,64.0,X,155,pair_4053,mutated,atypical
,normal,73,52,,,,,125,pair_4054,normal,atypical
,insG_pos58,73,52,,,35.0,X,125,pair_4054,mutated,atypical
,normal,75,105,,,,,180,pair_4055,normal,atypical
,insG_pos58,75,105,,,21.0,X,180,pair_4055,mutated,atypical
,normal,40,55,,,,,95,pair_4056,normal,atypical
,insG_pos58,40,55,,,51.0,X,95,pair_4056,mutated,atypical
,normal,88,61,,,,,149,pair_4057,normal,atypical
,insG_pos58,88,61,,,38.0,X,149,pair_4057,mutated,atypical
,normal,84,38,,,,,122,pair_4058,normal,atypical
,insG_pos58,84,38,,,62.0,X,122,pair_4058,mutated,atypical
,normal,71,54,,,,,125,pair_4059,normal,atypical
,insG_pos58,71,54,,,46.0,X,125,pair_4059,mutated,atypical
,normal,53,44,,,,,97,pair_4060,normal,atypical
,insG_pos54,53,44,,,36.0,B,97,pair_4060,mutated,atypical
,normal,66,46,,,,,112,pair_4061,normal,atypical
,insG_pos54,66,46,,,36.0,B,112,pair_4061,mutated,atypical
,normal,28,47,,,,,75,pair_4062,normal,atypical
,insG_pos54,28,47,,,24.0,B,75,pair_4062,mutated,atypical
,normal,87,52,,,,,139,pair_4063,normal,atypical
,insG_pos54,87,52,,,11.0,B,139,pair_4063,mutated,atypical
,normal,66,20,,,,,86,pair_4064,normal,atypical
,insG_pos54,66,20,,,35.0,B,86,pair_4064,mutated,atypical
,normal,31,57,,,,,88,pair_4065,normal,atypical
,insG_pos54,31,57,,,38.0,B,88,pair_4065,mutated,atypical
,normal,43,23,,,,,66,pair_4066,normal,atypical
,insG_pos54,43,23,,,21.0,B,66,pair_4066,mutated,atypical
,normal,96,69,,,,,165,pair_4067,normal,atypical
,insG_pos54,96,69,,,63.0,B,165,pair_4067,mutated,atypical
,normal,66,89,,,,,155,pair_4068,normal,atypical
,insG_pos54,66,89,,,41.0,B,155,pair_4068,mutated,atypical
,normal,75,70,,,,,145,pair_4069,normal,atypical
,insG_pos54,75,70,,,44.0,B,145,pair_4069,mutated,atypical
,normal,71,51,,,,,122,pair_4070,normal,atypical
,insA_pos54,71,51,,,10.0,A,122,pair_4070,mutated,atypical
,normal,58,50,,,,,108,pair_4071,normal,atypical
,insA_pos54,58,50,,,22.0,A,108,pair_4071,mutated,atypical
,normal,88,54,,,,,142,pair_4072,normal,atypical
,insA_pos54,88,54,,,41.0,A,142,pair_4072,mutated,atypical
,normal,86,57,,,,,143,pair_4073,normal,atypical
,insA_pos54,86,57,,,67.0,A,143,pair_4073,mutated,atypical
,normal,104,88,,,,,192,pair_4074,normal,atypical
,insA_pos54,104,88,,,22.0,A,192,pair_4074,mutated,atypical
,normal,90,68,,,,,158,pair_4075,normal,atypical
,insA_pos54,90,68,,,28.0,A,158,pair_4075,mutated,atypical
,normal,85,110,,,,,195,pair_4076,normal,atypical
,insA_pos54,85,110,,,13.0,A,195,pair_4076,mutated,atypical
,normal,49,72,,,,,121,pair_4077,normal,atypical
,insA_pos54,49,72,,,31.0,A,121,pair_4077,mutated,atypical
,normal,92,47,,,,,139,pair_4078,normal,atypical
,insA_pos54,92,47,,,83.0,A,139,pair_4078,mutated,atypical
,normal,62,102,,,,,164,pair_4079,normal,atypical
,insA_pos54,62,102,,,36.0,A,164,pair_4079,mutated,atypical
,normal,76,37,,,,,113,pair_4080,normal,atypical
,delGCCCA,76,37,,,45.0,V,113,pair_4080,mutated,atypical
,normal,43,111,,,,,154,pair_4081,normal,atypical
,delGCCCA,43,111,,,18.0,B,154,pair_4081,mutated,atypical
,normal,68,46,,,,,114,pair_4082,normal,atypical
,delGCCCA,68,46,,,9.0,X,114,pair_4082,mutated,atypical
,normal,20,59,,,,,79,pair_4083,normal,atypical
,delGCCCA,20,59,,,11.0,X,79,pair_4083,mutated,atypical
,normal,53,40,,,,,93,pair_4084,normal,atypical
,delGCCCA,53,40,,,15.0,X,93,pair_4084,mutated,atypical
,normal,81,122,,,,,203,pair_4085,normal,atypical
,delGCCCA,81,122,,,21.0,B,203,pair_4085,mutated,atypical
,normal,89,81,,,,,170,pair_4086,normal,atypical
,delGCCCA,89,81,,,38.0,X,170,pair_4086,mutated,atypical
,normal,59,91,,,,,150,pair_4087,normal,atypical
,delGCCCA,59,91,,,12.0,X,150,pair_4087,mutated,atypical
,normal,68,76,,,,,144,pair_4088,normal,atypical
,delGCCCA,68,76,,,15.0,E,144,pair_4088,mutated,atypical
,normal,82,24,,,,,106,pair_4089,normal,atypical
,delGCCCA,82,24,,,61.0,E,106,pair_4089,mutated,atypical
,normal,50,58,,,,,108,pair_4090,normal,atypical
,ins25bp,50,58,,,13.0,A,108,pair_4090,mutated,atypical
,normal,62,96,,,,,158,pair_4091,normal,atypical
,ins25bp,62,96,,,68.0,X,158,pair_4091,mutated,atypical
,normal,75,48,,,,,123,pair_4092,normal,atypical
,ins25bp,75,48,,,22.0,A,123,pair_4092,mutated,atypical
,normal,85,51,,,,,136,pair_4093,normal,atypical
,ins25bp,85,51,,,8.0,X,136,pair_4093,mutated,atypical
,normal,52,81,,,,,133,pair_4094,normal,atypical
,ins25bp,52,81,,,14.0,X,133,pair_4094,mutated,atypical
,normal,78,22,,,,,100,pair_4095,normal,atypical
,ins25bp,78,22,,,9.0,X,100,pair_4095,mutated,atypical
,normal,34,28,,,,,62,pair_4096,normal,atypical
,ins25bp,34,28,,,9.0,A,62,pair_4096,mutated,atypical
,normal,64,77,,,,,141,pair_4097,normal,atypical
,ins25bp,64,77,,,37.0,X,141,pair_4097,mutated,atypical
,normal,51,62,,,,,113,pair_4098,normal,atypical
,ins25bp,51,62,,,42.0,X,113,pair_4098,mutated,atypical
,normal,55,64,,,,,119,pair_4099,normal,atypical
,ins25bp,55,64,,,54.0,A,119,pair_4099,mutated,atypical
